x,clamped_cubic,quadratic
0.000000000000000000e+00,1.000000000000000000e+00,1.000000000000000000e+00
5.000000000000000104e-03,9.999306078339370574e-01,9.999749999999999472e-01
1.000000000000000021e-02,9.997233236405931311e-01,9.999000000000000110e-01
1.499999999999999944e-02,9.993794858772372391e-01,9.997749999999999693e-01
2.000000000000000042e-02,9.989004330011366228e-01,9.996000000000000441e-01
2.500000000000000139e-02,9.982875034695605221e-01,9.993750000000000133e-01
2.999999999999999889e-02,9.975420357397764004e-01,9.990999999999999881e-01
3.500000000000000333e-02,9.966653682690530536e-01,9.987749999999999684e-01
4.000000000000000083e-02,9.956588395146579451e-01,9.983999999999999542e-01
4.499999999999999833e-02,9.945237879338603149e-01,9.979749999999999455e-01
5.000000000000000278e-02,9.932615519839276264e-01,9.975000000000000533e-01
5.500000000000000028e-02,9.918734701221287864e-01,9.969749999999999446e-01
5.999999999999999778e-02,9.903608808057310364e-01,9.963999999999999524e-01
6.500000000000000222e-02,9.887251224920032833e-01,9.957749999999999657e-01
7.000000000000000666e-02,9.869675336382143227e-01,9.950999999999999845e-01
7.499999999999999722e-02,9.850894527016309521e-01,9.943750000000000089e-01
8.000000000000000167e-02,9.830922181395226334e-01,9.936000000000000387e-01
8.500000000000000611e-02,9.809771684091568300e-01,9.927749999999999631e-01
8.999999999999999667e-02,9.787456419678023378e-01,9.919000000000000039e-01
9.500000000000000111e-02,9.763989772727272864e-01,9.909750000000000503e-01
1.000000000000000056e-01,9.739385127811995835e-01,9.899999999999999911e-01
1.049999999999999961e-01,9.713655869504875806e-01,9.889750000000000485e-01
1.100000000000000006e-01,9.686815382378598516e-01,9.879000000000000004e-01
1.150000000000000050e-01,9.658877051005840819e-01,9.867749999999999577e-01
1.199999999999999956e-01,9.629854259959290674e-01,9.856000000000000316e-01
1.250000000000000000e-01,9.599760393811624937e-01,9.843750000000000000e-01
1.300000000000000044e-01,9.568608837135531564e-01,9.830999999999999739e-01
1.350000000000000089e-01,9.536412974503689632e-01,9.817749999999999533e-01
1.400000000000000133e-01,9.503186190488778218e-01,9.804000000000000492e-01
1.449999999999999900e-01,9.468941869663487498e-01,9.789750000000000396e-01
1.499999999999999944e-01,9.433693396600493219e-01,9.775000000000000355e-01
1.549999999999999989e-01,9.397454155872480008e-01,9.759750000000000369e-01
1.600000000000000033e-01,9.360237532052131382e-01,9.744000000000000439e-01
1.650000000000000078e-01,9.322056909712126416e-01,9.727749999999999453e-01
1.700000000000000122e-01,9.282925673425150848e-01,9.710999999999999632e-01
1.750000000000000167e-01,9.242857207763885974e-01,9.693749999999999867e-01
1.799999999999999933e-01,9.201864897301013091e-01,9.676000000000000156e-01
1.849999999999999978e-01,9.159962126609216826e-01,9.657750000000000501e-01
1.900000000000000022e-01,9.117162280261177365e-01,9.638999999999999790e-01
1.950000000000000067e-01,9.073478742829576005e-01,9.619750000000000245e-01
2.000000000000000111e-01,9.028924898887098482e-01,9.599999999999999645e-01
2.050000000000000155e-01,8.983514133006423874e-01,9.579750000000000210e-01
2.099999999999999922e-01,8.937259829760235696e-01,9.558999999999999719e-01
2.149999999999999967e-01,8.890175373721217467e-01,9.537750000000000394e-01
2.200000000000000011e-01,8.842274149462052701e-01,9.516000000000000014e-01
2.250000000000000056e-01,8.793569541555420477e-01,9.493749999999999689e-01
2.300000000000000100e-01,8.744074934574004310e-01,9.471000000000000529e-01
2.350000000000000144e-01,8.693803713090485497e-01,9.447750000000000314e-01
2.399999999999999911e-01,8.642769261677549775e-01,9.424000000000000155e-01
2.449999999999999956e-01,8.590984964907874000e-01,9.399750000000000050e-01
2.500000000000000000e-01,8.538464207354146129e-01,9.375000000000000000e-01
2.550000000000000044e-01,8.485220373589047460e-01,9.349750000000000005e-01
2.600000000000000089e-01,8.431266848185254847e-01,9.324000000000000066e-01
2.650000000000000133e-01,8.376617015715456249e-01,9.297750000000000181e-01
2.700000000000000178e-01,8.321284260752332962e-01,9.271000000000000352e-01
2.750000000000000222e-01,8.265281967868568502e-01,9.243749999999999467e-01
2.800000000000000266e-01,8.208623521636837506e-01,9.215999999999999748e-01
2.850000000000000311e-01,8.151322306629834591e-01,9.187750000000000083e-01
2.899999999999999800e-01,8.093391707420233283e-01,9.159000000000000474e-01
2.949999999999999845e-01,8.034845108580719319e-01,9.129749999999999810e-01
2.999999999999999889e-01,7.975695894683972886e-01,9.100000000000000311e-01
3.049999999999999933e-01,7.915957450302677501e-01,9.069749999999999757e-01
3.099999999999999978e-01,7.855643160009516679e-01,9.039000000000000368e-01
3.150000000000000022e-01,7.794766408377171718e-01,9.007749999999999924e-01
3.200000000000000067e-01,7.733340579978323914e-01,8.975999999999999535e-01
3.250000000000000111e-01,7.671379059385656785e-01,8.943750000000000311e-01
3.300000000000000155e-01,7.608895231171851625e-01,8.911000000000000032e-01
3.350000000000000200e-01,7.545902479909591953e-01,8.877749999999999808e-01
3.400000000000000244e-01,7.482414190171561286e-01,8.843999999999999639e-01
3.450000000000000289e-01,7.418443746530438698e-01,8.809749999999999526e-01
3.500000000000000333e-01,7.354004533558909928e-01,8.774999999999999467e-01
3.549999999999999822e-01,7.289109935829654052e-01,8.739749999999999464e-01
3.599999999999999867e-01,7.223773337915357917e-01,8.704000000000000625e-01
3.649999999999999911e-01,7.158008124388695048e-01,8.667750000000000732e-01
3.699999999999999956e-01,7.091827679822360064e-01,8.630999999999999783e-01
3.750000000000000000e-01,7.025245388789025380e-01,8.593750000000000000e-01
3.800000000000000044e-01,6.958274635861376733e-01,8.556000000000000272e-01
3.850000000000000089e-01,6.890928805612097641e-01,8.517749999999999488e-01
3.900000000000000133e-01,6.823221282613867178e-01,8.478999999999999870e-01
3.950000000000000178e-01,6.755165451439373303e-01,8.439749999999999197e-01
4.000000000000000222e-01,6.686774696661292872e-01,8.399999999999999689e-01
4.050000000000000266e-01,6.618062402852309400e-01,8.359749999999999126e-01
4.100000000000000311e-01,6.549041954585106406e-01,8.318999999999999728e-01
4.150000000000000355e-01,6.479726736432367407e-01,8.277749999999999275e-01
4.199999999999999845e-01,6.410130132966773697e-01,8.235999999999999988e-01
4.249999999999999889e-01,6.340265528761004354e-01,8.193749999999999645e-01
4.299999999999999933e-01,6.270146308387746226e-01,8.151000000000000467e-01
4.349999999999999978e-01,6.199785856419678387e-01,8.107750000000000234e-01
4.400000000000000022e-01,6.129197557429486576e-01,8.064000000000000057e-01
4.450000000000000067e-01,6.058394795989849868e-01,8.019749999999999934e-01
4.500000000000000111e-01,5.987390956673451781e-01,7.974999999999999867e-01
4.550000000000000155e-01,5.916199424052975830e-01,7.929749999999999854e-01
4.600000000000000200e-01,5.844833582701103314e-01,7.883999999999999897e-01
4.650000000000000244e-01,5.773306817190515527e-01,7.837749999999999995e-01
4.700000000000000289e-01,5.701632512093897098e-01,7.790999999999999037e-01
4.750000000000000333e-01,5.629824051983928213e-01,7.743750000000000355e-01
4.799999999999999822e-01,5.557894821433293497e-01,7.696000000000000618e-01
4.849999999999999867e-01,5.485858205014673139e-01,7.647749999999999826e-01
4.899999999999999911e-01,5.413727587300747324e-01,7.599000000000000199e-01
4.949999999999999956e-01,5.341516352864206230e-01,7.549749999999999517e-01
5.000000000000000000e-01,5.269237886277724492e-01,7.500000000000000000e-01
5.050000000000000044e-01,5.196905572113987848e-01,7.449749999999999428e-01
5.100000000000000089e-01,5.124532794945677594e-01,7.399000000000000021e-01
5.150000000000000133e-01,5.052132939345475027e-01,7.347749999999999559e-01
5.200000000000000178e-01,4.979719389886066438e-01,7.296000000000000263e-01
5.250000000000000222e-01,4.907305531140130905e-01,7.243749999999999911e-01
5.300000000000000266e-01,4.834904747680351389e-01,7.190999999999999615e-01
5.350000000000000311e-01,4.762530424079409186e-01,7.137750000000000483e-01
5.400000000000000355e-01,4.690195944909988923e-01,7.083999999999999186e-01
5.450000000000000400e-01,4.617914694744771897e-01,7.029749999999999055e-01
5.500000000000000444e-01,4.545700058156440515e-01,6.975000000000000089e-01
5.550000000000000488e-01,4.473565419717676073e-01,6.919750000000000068e-01
5.600000000000000533e-01,4.401524164001162087e-01,6.863999999999998991e-01
5.650000000000000577e-01,4.329589675579580965e-01,6.807749999999999080e-01
5.700000000000000622e-01,4.257775339025614003e-01,6.750999999999999224e-01
5.750000000000000666e-01,4.186094538911944718e-01,6.693749999999999423e-01
5.799999999999999600e-01,4.114560659811256627e-01,6.635999999999999677e-01
5.849999999999999645e-01,4.043187086296229360e-01,6.577749999999999986e-01
5.899999999999999689e-01,3.971987202939545325e-01,6.519000000000000350e-01
5.949999999999999734e-01,3.900974394313887483e-01,6.459749999999999659e-01
5.999999999999999778e-01,3.830162044991938242e-01,6.400000000000000133e-01
6.049999999999999822e-01,3.759563539546381117e-01,6.339749999999999552e-01
6.099999999999999867e-01,3.689192262549896295e-01,6.279000000000000137e-01
6.149999999999999911e-01,3.619061598575167293e-01,6.217749999999999666e-01
6.199999999999999956e-01,3.549184932194877629e-01,6.155999999999999250e-01
6.250000000000000000e-01,3.479575647981708597e-01,6.093750000000000000e-01
6.300000000000000044e-01,3.410247130508340385e-01,6.030999999999999694e-01
6.350000000000000089e-01,3.341212764347458730e-01,5.967750000000000554e-01
6.400000000000000133e-01,3.272485934071743818e-01,5.904000000000000359e-01
6.450000000000000178e-01,3.204080024253880277e-01,5.839749999999999108e-01
6.500000000000000222e-01,3.136008419466547181e-01,5.774999999999999023e-01
6.550000000000000266e-01,3.068284504282429159e-01,5.709750000000000103e-01
6.600000000000000311e-01,3.000921663274207507e-01,5.644000000000000128e-01
6.650000000000000355e-01,2.933933281014565742e-01,5.577749999999999098e-01
6.700000000000000400e-01,2.867332742076185159e-01,5.510999999999999233e-01
6.750000000000000444e-01,2.801133431031748167e-01,5.443749999999999423e-01
6.800000000000000488e-01,2.735348732453937171e-01,5.375999999999998558e-01
6.850000000000000533e-01,2.669992030915434578e-01,5.307749999999999968e-01
6.900000000000000577e-01,2.605076710988923905e-01,5.238999999999999213e-01
6.950000000000000622e-01,2.540616157247085338e-01,5.169749999999999623e-01
7.000000000000000666e-01,2.476623754262602395e-01,5.099999999999998979e-01
7.049999999999999600e-01,2.413112886608158592e-01,5.029750000000000609e-01
7.099999999999999645e-01,2.350096938856433004e-01,4.959000000000000075e-01
7.149999999999999689e-01,2.287589295580111370e-01,4.887750000000000705e-01
7.199999999999999734e-01,2.225603341351873876e-01,4.816000000000000281e-01
7.249999999999999778e-01,2.164152460744402928e-01,4.743749999999999911e-01
7.299999999999999822e-01,2.103250038330382043e-01,4.671000000000000707e-01
7.349999999999999867e-01,2.042909458682493629e-01,4.597750000000000448e-01
7.399999999999999911e-01,1.983144106373416760e-01,4.524000000000000243e-01
7.449999999999999956e-01,1.923967365975838284e-01,4.449750000000000094e-01
7.500000000000000000e-01,1.865392622062439498e-01,4.375000000000000000e-01
7.550000000000000044e-01,1.807433259205899478e-01,4.299749999999999961e-01
7.600000000000000089e-01,1.750102661978906182e-01,4.223999999999999977e-01
7.650000000000000133e-01,1.693414214954136465e-01,4.147750000000000048e-01
7.700000000000000178e-01,1.637381302704273844e-01,4.071000000000000174e-01
7.750000000000000222e-01,1.582017309802004057e-01,3.993749999999999245e-01
7.800000000000000266e-01,1.527335620820006179e-01,3.915999999999999481e-01
7.850000000000000311e-01,1.473349620330962617e-01,3.837749999999999773e-01
7.900000000000000355e-01,1.420072692907557999e-01,3.758999999999999009e-01
7.950000000000000400e-01,1.367518223122472509e-01,3.679749999999999410e-01
8.000000000000000444e-01,1.315699595548388556e-01,3.599999999999998757e-01
8.050000000000000488e-01,1.264630194757989656e-01,3.519749999999999268e-01
8.100000000000000533e-01,1.214323405323957106e-01,3.438999999999998725e-01
8.150000000000000577e-01,1.164792611818973311e-01,3.357749999999999346e-01
8.200000000000000622e-01,1.116051198815722900e-01,3.275999999999998913e-01
8.250000000000000666e-01,1.068112550886886059e-01,3.193749999999998535e-01
8.300000000000000711e-01,1.020990052605142973e-01,3.110999999999999321e-01
8.349999999999999645e-01,9.746970885431804899e-02,3.027750000000000163e-01
8.399999999999999689e-01,9.292470432736787966e-02,2.944000000000001060e-01
8.449999999999999734e-01,8.846533013693214098e-02,2.859750000000000902e-01
8.499999999999999778e-01,8.409292474027862951e-02,2.775000000000000799e-01
8.549999999999999822e-01,7.980882659467603002e-02,2.689750000000000751e-01
8.599999999999999867e-01,7.561437415739247214e-02,2.604000000000000759e-01
8.649999999999999911e-01,7.151090588569608553e-02,2.517749999999999710e-01
8.699999999999999956e-01,6.749976023685522186e-02,2.430999999999999828e-01
8.750000000000000000e-01,6.358227566813823284e-02,2.343750000000000000e-01
8.800000000000000044e-01,5.975979063681302605e-02,2.256000000000000227e-01
8.850000000000000089e-01,5.603364360014806422e-02,2.167749999999999400e-01
8.900000000000000133e-01,5.240517301541147699e-02,2.078999999999999737e-01
8.950000000000000178e-01,4.887571733987150502e-02,1.989750000000000130e-01
9.000000000000000222e-01,4.544661503079650000e-02,1.899999999999999467e-01
9.050000000000000266e-01,4.211920454545459158e-02,1.809749999999999970e-01
9.100000000000000311e-01,3.889482434111390941e-02,1.718999999999999417e-01
9.150000000000000355e-01,3.577481287504291618e-02,1.627749999999998920e-01
9.200000000000000400e-01,3.276050860450974156e-02,1.535999999999999588e-01
9.250000000000000444e-01,2.985324998678251518e-02,1.443749999999999201e-01
9.300000000000000488e-01,2.705437547912969976e-02,1.350999999999998868e-01
9.350000000000000533e-01,2.436522353881942493e-02,1.257749999999998591e-01
9.400000000000000577e-01,2.178713262311970933e-02,1.163999999999998369e-01
9.450000000000000622e-01,1.932144118929912668e-02,1.069749999999999313e-01
9.500000000000000666e-01,1.696948769462580664e-02,9.749999999999992006e-02
9.550000000000000711e-01,1.473261059636765680e-02,8.797499999999991438e-02
9.599999999999999645e-01,1.261214835179358396e-02,7.840000000000002522e-02
9.649999999999999689e-01,1.060943941817127367e-02,6.877500000000003055e-02
9.699999999999999734e-01,8.725822252769077636e-03,5.910000000000004139e-02
9.749999999999999778e-01,6.962635312855236513e-03,4.937500000000005773e-02
9.799999999999999822e-01,5.321217055697879950e-03,3.960000000000007958e-02
9.849999999999999867e-01,3.802905938565692701e-03,2.977499999999999591e-02
9.899999999999999911e-01,2.409040418726360322e-03,1.990000000000002878e-02
9.949999999999999956e-01,1.140958953448345525e-03,9.974999999999956124e-03
1.000000000000000000e+00,0.000000000000000000e+00,0.000000000000000000e+00
1.005000000000000115e+00,-1.012890289196214516e-03,-9.925000000000227043e-03
1.010000000000000009e+00,-1.898334981099265850e-03,-1.970000000000001611e-02
1.015000000000000124e+00,-2.657349447513789736e-03,-2.932500000000023629e-02
1.020000000000000018e+00,-3.290949060244865998e-03,-3.880000000000003585e-02
1.024999999999999911e+00,-3.800149191096793833e-03,-4.812499999999983458e-02
1.030000000000000027e+00,-4.185965211874441427e-03,-5.730000000000004534e-02
1.034999999999999920e+00,-4.449412494382652683e-03,-6.632499999999985629e-02
1.040000000000000036e+00,-4.591506410425966189e-03,-7.520000000000005846e-02
1.044999999999999929e+00,-4.613262331809114825e-03,-8.392499999999987470e-02
1.050000000000000044e+00,-4.515695630336519217e-03,-9.250000000000008216e-02
1.054999999999999938e+00,-4.299821677813384091e-03,-1.009249999999999037e-01
1.060000000000000053e+00,-3.966655846043984357e-03,-1.092000000000000887e-01
1.064999999999999947e+00,-3.517213506833413716e-03,-1.173249999999999155e-01
1.070000000000000062e+00,-2.952510031985974837e-03,-1.253000000000001057e-01
1.074999999999999956e+00,-2.273560793306872441e-03,-1.331249999999999378e-01
1.080000000000000071e+00,-1.481381162600159396e-03,-1.408000000000000917e-01
1.084999999999999964e+00,-5.769865116709294028e-04,-1.483249999999999569e-01
1.090000000000000080e+00,4.386077876760707817e-04,-1.557000000000001161e-01
1.094999999999999973e+00,1.564386363636427468e-03,-1.629249999999999587e-01
1.100000000000000089e+00,2.799333844405171856e-03,-1.700000000000001232e-01
1.104999999999999982e+00,4.142434858177529433e-03,-1.769249999999999712e-01
1.110000000000000098e+00,5.592674033149142021e-03,-1.837000000000001410e-01
1.114999999999999991e+00,7.149035997515235108e-03,-1.903249999999999942e-01
1.120000000000000107e+00,8.810505379470728871e-03,-1.968000000000001415e-01
1.125000000000000000e+00,1.057606680721143166e-02,-2.031250000000000000e-01
1.130000000000000115e+00,1.244470490893237469e-02,-2.093000000000001526e-01
1.135000000000000009e+00,1.441540431282870016e-02,-2.153250000000000164e-01
1.140000000000000124e+00,1.648714964709621644e-02,-2.212000000000001465e-01
1.145000000000000018e+00,1.865892553992962166e-02,-2.269250000000000156e-01
1.150000000000000133e+00,2.092971661952469642e-02,-2.325000000000001510e-01
1.155000000000000027e+00,2.329850751407663845e-02,-2.379250000000000254e-01
1.159999999999999920e+00,2.576428285178022914e-02,-2.431999999999999162e-01
1.165000000000000036e+00,2.832602726083160993e-02,-2.483250000000000179e-01
1.169999999999999929e+00,3.098272536942547895e-02,-2.532999999999999696e-01
1.175000000000000044e+00,3.373336180575747800e-02,-2.581250000000000488e-01
1.179999999999999938e+00,3.657692119802258279e-02,-2.627999999999999226e-01
1.185000000000000053e+00,3.951238817441649065e-02,-2.673250000000000348e-01
1.189999999999999947e+00,4.253874736313406624e-02,-2.716999999999999416e-01
1.195000000000000062e+00,4.565498339237106240e-02,-2.759250000000000869e-01
1.199999999999999956e+00,4.886008089032223278e-02,-2.799999999999999711e-01
1.205000000000000071e+00,5.215302448518344125e-02,-2.839250000000000940e-01
1.209999999999999964e+00,5.553279880514938593e-02,-2.876999999999999558e-01
1.215000000000000080e+00,5.899838847841615275e-02,-2.913250000000000561e-01
1.219999999999999973e+00,6.254877813317821778e-02,-2.947999999999999510e-01
1.225000000000000089e+00,6.618295239763150040e-02,-2.981250000000000844e-01
1.229999999999999982e+00,6.989989589997086528e-02,-3.013000000000000123e-01
1.235000000000000098e+00,7.369859326839206526e-02,-3.043250000000000677e-01
1.239999999999999991e+00,7.757802913108990950e-02,-3.071999999999999731e-01
1.245000000000000107e+00,8.153718811626009533e-02,-3.099250000000000616e-01
1.250000000000000000e+00,8.557505485209759843e-02,-3.125000000000000000e-01
1.255000000000000115e+00,8.969061396679806064e-02,-3.149250000000000660e-01
1.260000000000000009e+00,9.388285008855640212e-02,-3.171999999999999820e-01
1.265000000000000124e+00,9.815074784556837573e-02,-3.193250000000000810e-01
1.270000000000000018e+00,1.024932918660287351e-01,-3.213000000000000300e-01
1.275000000000000133e+00,1.069094667781332886e-01,-3.231250000000000511e-01
1.280000000000000027e+00,1.113982572100769564e-01,-3.248000000000000331e-01
1.284999999999999920e+00,1.159586477900552137e-01,-3.263249999999999762e-01
1.290000000000000036e+00,1.205896231462634804e-01,-3.276999999999999913e-01
1.294999999999999929e+00,1.252901679068967322e-01,-3.289249999999999674e-01
1.300000000000000044e+00,1.300592667001506664e-01,-3.300000000000000155e-01
1.304999999999999938e+00,1.348959041542202586e-01,-3.309249999999999692e-01
1.310000000000000053e+00,1.397990648973010952e-01,-3.316999999999999948e-01
1.314999999999999947e+00,1.447677335575880408e-01,-3.323249999999999815e-01
1.320000000000000062e+00,1.498008947632769594e-01,-3.327999999999999847e-01
1.324999999999999956e+00,1.548975331425625490e-01,-3.331250000000000044e-01
1.330000000000000071e+00,1.600566333236407290e-01,-3.332999999999999852e-01
1.334999999999999964e+00,1.652771799347061421e-01,-3.333249999999999824e-01
1.340000000000000080e+00,1.705581576039547631e-01,-3.331999999999999962e-01
1.344999999999999973e+00,1.758985509595811791e-01,-3.329250000000000265e-01
1.350000000000000089e+00,1.812973446297815316e-01,-3.324999999999999623e-01
1.354999999999999982e+00,1.867535232427502412e-01,-3.319249999999999701e-01
1.360000000000000098e+00,1.922660714266833937e-01,-3.311999999999999389e-01
1.364999999999999991e+00,1.978339738097755762e-01,-3.303250000000000353e-01
1.370000000000000107e+00,2.034562150202225972e-01,-3.292999999999999816e-01
1.375000000000000000e+00,2.091317796862195988e-01,-3.281250000000000000e-01
1.380000000000000115e+00,2.148596524359619453e-01,-3.267999999999999794e-01
1.385000000000000009e+00,2.206388178976446679e-01,-3.253250000000000308e-01
1.390000000000000124e+00,2.264682606994634639e-01,-3.236999999999999877e-01
1.395000000000000018e+00,2.323469654696133091e-01,-3.219249999999999612e-01
1.400000000000000133e+00,2.382739168362897342e-01,-3.199999999999999512e-01
1.405000000000000027e+00,2.442480994276878259e-01,-3.179249999999999576e-01
1.409999999999999920e+00,2.502684978720028930e-01,-3.156999999999999806e-01
1.415000000000000036e+00,2.563340967974305773e-01,-3.133250000000000757e-01
1.419999999999999929e+00,2.624438808321656325e-01,-3.107999999999999652e-01
1.425000000000000044e+00,2.685968346044040889e-01,-3.081249999999999822e-01
1.429999999999999938e+00,2.747919427423403671e-01,-3.053000000000000158e-01
1.435000000000000053e+00,2.810281898741706641e-01,-3.023249999999999549e-01
1.439999999999999947e+00,2.873045606280894004e-01,-2.992000000000000215e-01
1.445000000000000062e+00,2.936200396322927730e-01,-2.959249999999999936e-01
1.449999999999999956e+00,2.999736115149751470e-01,-2.924999999999999822e-01
1.455000000000000071e+00,3.063642609043327747e-01,-2.889249999999998764e-01
1.459999999999999964e+00,3.127909724285600213e-01,-2.852000000000001201e-01
1.465000000000000080e+00,3.192527307158530281e-01,-2.813249999999999362e-01
1.469999999999999973e+00,3.257485203944063268e-01,-2.772999999999999909e-01
1.475000000000000089e+00,3.322773260924160033e-01,-2.731249999999999512e-01
1.479999999999999982e+00,3.388381324380765336e-01,-2.687999999999999279e-01
1.485000000000000098e+00,3.454299240595840592e-01,-2.643249999999999211e-01
1.489999999999999991e+00,3.520516855851330562e-01,-2.597000000000000419e-01
1.495000000000000107e+00,3.587024016429196105e-01,-2.549249999999998462e-01
1.500000000000000000e+00,3.653810568611382537e-01,-2.500000000000000000e-01
1.505000000000000115e+00,3.720866358679849606e-01,-2.449249999999998373e-01
1.510000000000000009e+00,3.788181232916545405e-01,-2.397000000000000242e-01
1.515000000000000124e+00,3.855745037603426906e-01,-2.343249999999997835e-01
1.520000000000000018e+00,3.923547619022443311e-01,-2.287999999999998924e-01
1.525000000000000133e+00,3.991578823455551595e-01,-2.231249999999999067e-01
1.530000000000000027e+00,4.059828497184699847e-01,-2.172999999999999376e-01
1.535000000000000142e+00,4.128286486491846707e-01,-2.113249999999997630e-01
1.540000000000000036e+00,4.196942637658939157e-01,-2.052000000000000490e-01
1.544999999999999929e+00,4.265786796967933059e-01,-1.989250000000000185e-01
1.550000000000000044e+00,4.334808810700785942e-01,-1.924999999999998934e-01
1.554999999999999938e+00,4.403998525139442011e-01,-1.859250000000001180e-01
1.560000000000000053e+00,4.473345786565863236e-01,-1.792000000000000259e-01
1.564999999999999947e+00,4.542840441261993822e-01,-1.723250000000000615e-01
1.570000000000000062e+00,4.612472335509795185e-01,-1.652999999999998915e-01
1.574999999999999956e+00,4.682231315591212084e-01,-1.581250000000000711e-01
1.580000000000000071e+00,4.752107227788205934e-01,-1.507999999999998231e-01
1.584999999999999964e+00,4.822089918382721496e-01,-1.433250000000001467e-01
1.590000000000000080e+00,4.892169233656718519e-01,-1.356999999999999318e-01
1.594999999999999973e+00,4.962335019892145649e-01,-1.279250000000000664e-01
1.600000000000000089e+00,5.032577123370959304e-01,-1.199999999999998845e-01
1.604999999999999982e+00,5.102885390375109242e-01,-1.119250000000000522e-01
1.610000000000000098e+00,5.173249667186550216e-01,-1.036999999999999034e-01
1.614999999999999991e+00,5.243659800087234757e-01,-9.532500000000010409e-02
1.620000000000000107e+00,5.314105635359116508e-01,-8.679999999999976623e-02
1.625000000000000000e+00,5.384577019284146893e-01,-7.812500000000000000e-02
1.630000000000000115e+00,5.455063798144281773e-01,-6.929999999999969518e-02
1.635000000000000009e+00,5.525555818221470350e-01,-6.032499999999996199e-02
1.640000000000000124e+00,5.596042925797669598e-01,-5.119999999999969020e-02
1.645000000000000018e+00,5.666514967154828719e-01,-4.192499999999999005e-02
1.650000000000000133e+00,5.736961788574903576e-01,-3.249999999999975131e-02
1.655000000000000027e+00,5.807373236339845590e-01,-2.292499999999986215e-02
1.660000000000000142e+00,5.877739156731609516e-01,-1.319999999999965645e-02
1.665000000000000036e+00,5.948049396032145664e-01,-3.325000000000022382e-03
1.669999999999999929e+00,6.018293800523405457e-01,6.699999999999928235e-03
1.675000000000000044e+00,6.088462216487352530e-01,1.687500000000019540e-02
1.679999999999999938e+00,6.158544490205923871e-01,2.719999999999989093e-02
1.685000000000000053e+00,6.228530467961088668e-01,3.767500000000012506e-02
1.689999999999999947e+00,6.298409996034786129e-01,4.829999999999978755e-02
1.695000000000000062e+00,6.368172920708981000e-01,5.907500000000021068e-02
1.699999999999999956e+00,6.437809088265614710e-01,6.999999999999984013e-02
1.705000000000000071e+00,6.507308344986652004e-01,8.107500000000023022e-02
1.709999999999999964e+00,6.576660537154033204e-01,9.230000000000004867e-02
1.715000000000000080e+00,6.645855511049725273e-01,1.036750000000004057e-01
1.719999999999999973e+00,6.714883112955667421e-01,1.151999999999999691e-01
1.725000000000000089e+00,6.783733189153825505e-01,1.268750000000000711e-01
1.729999999999999982e+00,6.852395585926139843e-01,1.386999999999998234e-01
1.735000000000000098e+00,6.920860149554576290e-01,1.506750000000003364e-01
1.739999999999999991e+00,6.989116726321075168e-01,1.627999999999998337e-01
1.745000000000000107e+00,7.057155162507602331e-01,1.750750000000005357e-01
1.750000000000000000e+00,7.124965304396096988e-01,1.875000000000000000e-01
1.755000000000000115e+00,7.192536998268523885e-01,2.000750000000004469e-01
1.760000000000000009e+00,7.259860090406830002e-01,2.128000000000001002e-01
1.765000000000000124e+00,7.326924427092971204e-01,2.256750000000002920e-01
1.770000000000000018e+00,7.393719854608897801e-01,2.386999999999999122e-01
1.775000000000000133e+00,7.460236219236564548e-01,2.518750000000002931e-01
1.780000000000000027e+00,7.526463367257922865e-01,2.652000000000001023e-01
1.785000000000000142e+00,7.592391144954929727e-01,2.786750000000004501e-01
1.790000000000000036e+00,7.658009398609532115e-01,2.923000000000002263e-01
1.794999999999999929e+00,7.723307974503685891e-01,3.060749999999996529e-01
1.800000000000000044e+00,7.788276718919348030e-01,3.200000000000002842e-01
1.804999999999999938e+00,7.852905478138464401e-01,3.340749999999996778e-01
1.810000000000000053e+00,7.917184098442993090e-01,3.483000000000002760e-01
1.814999999999999947e+00,7.981102426114884407e-01,3.626749999999998586e-01
1.820000000000000062e+00,8.044650307436094216e-01,3.772000000000002018e-01
1.824999999999999956e+00,8.107817588688571719e-01,3.918749999999997513e-01
1.830000000000000071e+00,8.170594116154272779e-01,4.066999999999998394e-01
1.834999999999999964e+00,8.232969736115148818e-01,4.216750000000000220e-01
1.840000000000000080e+00,8.294934294853155698e-01,4.368000000000002991e-01
1.844999999999999973e+00,8.356477638650241513e-01,4.520749999999997826e-01
1.850000000000000089e+00,8.417589613788364344e-01,4.675000000000002487e-01
1.854999999999999982e+00,8.478260066549472285e-01,4.830749999999999211e-01
1.860000000000000098e+00,8.538478843215523417e-01,4.988000000000001322e-01
1.864999999999999991e+00,8.598235790068465834e-01,5.146749999999999936e-01
1.870000000000000107e+00,8.657520753390257617e-01,5.307000000000003936e-01
1.875000000000000000e+00,8.716323579462845750e-01,5.468750000000000000e-01
1.880000000000000115e+00,8.774634114568189425e-01,5.632000000000005890e-01
1.885000000000000009e+00,8.832442204988236734e-01,5.796750000000003844e-01
1.890000000000000124e+00,8.889737697004944650e-01,5.963000000000002743e-01
1.895000000000000018e+00,8.946510436900261265e-01,6.130749999999998145e-01
1.900000000000000133e+00,9.002750270956145773e-01,6.300000000000003375e-01
1.905000000000000027e+00,9.058447045454545155e-01,6.470750000000000668e-01
1.910000000000000142e+00,9.113590606677418604e-01,6.643000000000007788e-01
1.915000000000000036e+00,9.168170800906711992e-01,6.816750000000002530e-01
1.919999999999999929e+00,9.222177474424381183e-01,6.991999999999993776e-01
1.925000000000000044e+00,9.275600473512383148e-01,7.168750000000003730e-01
1.929999999999999938e+00,9.328429644452667091e-01,7.346999999999996867e-01
1.935000000000000053e+00,9.380654833527186653e-01,7.526750000000004270e-01
1.939999999999999947e+00,9.432265887017894368e-01,7.707999999999999297e-01
1.945000000000000062e+00,9.483252651206746098e-01,7.890749999999999709e-01
1.949999999999999956e+00,9.533604972375688824e-01,8.075000000000001066e-01
1.955000000000000071e+00,9.583312696806681741e-01,8.260750000000003368e-01
1.959999999999999964e+00,9.632365670781674050e-01,8.448000000000002174e-01
1.965000000000000080e+00,9.680753740582621614e-01,8.636750000000001926e-01
1.969999999999999973e+00,9.728466752491473635e-01,8.826999999999998181e-01
1.975000000000000089e+00,9.775494552790187086e-01,9.018750000000004263e-01
1.979999999999999982e+00,9.821826987760711170e-01,9.211999999999997968e-01
1.985000000000000098e+00,9.867453903685002858e-01,9.406750000000005940e-01
1.989999999999999991e+00,9.912365146845012465e-01,9.602999999999997094e-01
1.995000000000000107e+00,9.956550563522693631e-01,9.800750000000006956e-01
2.000000000000000000e+00,1.000000000000000000e+00,1.000000000000000000e+00
2.004999999999999893e+00,1.004270578322847163e+00,1.019899999999999585e+00
2.010000000000000231e+00,1.008467016283803641e+00,1.039600000000000968e+00
2.015000000000000124e+00,1.012589786912818202e+00,1.059100000000000374e+00
2.020000000000000018e+00,1.016639363239842275e+00,1.078400000000000025e+00
2.024999999999999911e+00,1.020616218294826405e+00,1.097499999999999698e+00
2.030000000000000249e+00,1.024520825107721800e+00,1.116400000000000947e+00
2.035000000000000142e+00,1.028353656708477670e+00,1.135100000000000442e+00
2.040000000000000036e+00,1.032115186127045225e+00,1.153600000000000181e+00
2.044999999999999929e+00,1.035805886393375230e+00,1.171899999999999720e+00
2.049999999999999822e+00,1.039426230537418228e+00,1.189999999999999281e+00
2.055000000000000160e+00,1.042976691589124760e+00,1.207900000000000640e+00
2.060000000000000053e+00,1.046457742578445149e+00,1.225600000000000245e+00
2.064999999999999947e+00,1.049869856535329937e+00,1.243099999999999872e+00
2.069999999999999840e+00,1.053213506489730111e+00,1.260399999999999521e+00
2.075000000000000178e+00,1.056489165471595992e+00,1.277500000000000524e+00
2.080000000000000071e+00,1.059697306510877901e+00,1.294400000000000217e+00
2.084999999999999964e+00,1.062838402637526825e+00,1.311099999999999932e+00
2.089999999999999858e+00,1.065912926881492861e+00,1.327599999999999447e+00
2.095000000000000195e+00,1.068921352272727443e+00,1.343900000000000539e+00
2.100000000000000089e+00,1.071864151841180002e+00,1.360000000000000320e+00
2.104999999999999982e+00,1.074741798616801969e+00,1.375899999999999901e+00
2.109999999999999876e+00,1.077554765629543221e+00,1.391599999999999504e+00
2.115000000000000213e+00,1.080303525909355189e+00,1.407100000000000684e+00
2.120000000000000107e+00,1.082988552486187750e+00,1.422400000000000331e+00
2.125000000000000000e+00,1.085610318389991891e+00,1.437500000000000000e+00
2.129999999999999893e+00,1.088169296650717488e+00,1.452399999999999691e+00
2.135000000000000231e+00,1.090665960298316195e+00,1.467100000000000737e+00
2.140000000000000124e+00,1.093100782362737444e+00,1.481600000000000250e+00
2.145000000000000018e+00,1.095474235873932667e+00,1.495900000000000007e+00
2.149999999999999911e+00,1.097786793861851962e+00,1.509999999999999787e+00
2.155000000000000249e+00,1.100038929356446094e+00,1.523900000000000698e+00
2.160000000000000142e+00,1.102231115387665383e+00,1.537600000000000300e+00
2.165000000000000036e+00,1.104363824985461040e+00,1.551100000000000145e+00
2.169999999999999929e+00,1.106437531179782718e+00,1.564399999999999791e+00
2.175000000000000266e+00,1.108452707000581627e+00,1.577500000000000790e+00
2.180000000000000160e+00,1.110409825477808088e+00,1.590400000000000480e+00
2.185000000000000053e+00,1.112309359641412643e+00,1.603100000000000191e+00
2.189999999999999947e+00,1.114151782521346057e+00,1.615599999999999925e+00
2.194999999999999840e+00,1.115937567147558429e+00,1.627899999999999681e+00
2.200000000000000178e+00,1.117667186550001412e+00,1.640000000000000346e+00
2.205000000000000071e+00,1.119341113758624218e+00,1.651900000000000146e+00
2.209999999999999964e+00,1.120959821803378276e+00,1.663599999999999968e+00
2.214999999999999858e+00,1.122523783714213685e+00,1.675099999999999589e+00
2.220000000000000195e+00,1.124033472521081878e+00,1.686400000000000343e+00
2.225000000000000089e+00,1.125489361253932064e+00,1.697500000000000231e+00
2.229999999999999982e+00,1.126891922942715674e+00,1.708399999999999919e+00
2.234999999999999876e+00,1.128241630617383251e+00,1.719099999999999628e+00
2.240000000000000213e+00,1.129538957307885561e+00,1.729600000000000470e+00
2.245000000000000107e+00,1.130784376044172479e+00,1.739900000000000224e+00
2.250000000000000000e+00,1.131978359856194771e+00,1.750000000000000000e+00
2.254999999999999893e+00,1.133121381773903646e+00,1.759899999999999798e+00
2.260000000000000231e+00,1.134213914827248981e+00,1.769600000000000506e+00
2.265000000000000124e+00,1.135256432046181541e+00,1.779100000000000126e+00
2.270000000000000018e+00,1.136249406460651867e+00,1.788399999999999990e+00
2.274999999999999911e+00,1.137193311100610726e+00,1.797499999999999876e+00
2.280000000000000249e+00,1.138088618996008439e+00,1.806400000000000450e+00
2.285000000000000142e+00,1.138935803176795547e+00,1.815100000000000158e+00
2.290000000000000036e+00,1.139735336672922816e+00,1.823600000000000110e+00
2.294999999999999929e+00,1.140487692514340790e+00,1.831899999999999862e+00
2.300000000000000266e+00,1.141193343731000009e+00,1.840000000000000302e+00
2.305000000000000160e+00,1.141852763352850797e+00,1.847900000000000320e+00
2.310000000000000053e+00,1.142466424409844139e+00,1.855600000000000138e+00
2.314999999999999947e+00,1.143034799931930579e+00,1.863099999999999978e+00
2.319999999999999840e+00,1.143558362949060214e+00,1.870399999999999840e+00
2.325000000000000178e+00,1.144037586491183811e+00,1.877500000000000169e+00
2.330000000000000071e+00,1.144472943588252134e+00,1.884400000000000075e+00
2.334999999999999964e+00,1.144864907270215948e+00,1.891100000000000003e+00
2.339999999999999858e+00,1.145213950567025130e+00,1.897599999999999731e+00
2.345000000000000195e+00,1.145520546508630888e+00,1.903900000000000148e+00
2.350000000000000089e+00,1.145785168124983322e+00,1.910000000000000142e+00
2.354999999999999982e+00,1.146008288446033418e+00,1.915899999999999936e+00
2.359999999999999876e+00,1.146190380501731498e+00,1.921599999999999753e+00
2.365000000000000213e+00,1.146331917322028104e+00,1.927100000000000257e+00
2.370000000000000107e+00,1.146433371936873780e+00,1.932400000000000118e+00
2.375000000000000000e+00,1.146495217376219289e+00,1.937500000000000000e+00
2.379999999999999893e+00,1.146517926670014953e+00,1.942399999999999904e+00
2.385000000000000231e+00,1.146501972848211759e+00,1.947100000000000275e+00
2.390000000000000124e+00,1.146447828940759583e+00,1.951600000000000001e+00
2.395000000000000018e+00,1.146355967977609858e+00,1.955899999999999972e+00
2.399999999999999911e+00,1.146226862988712236e+00,1.959999999999999964e+00
2.405000000000000249e+00,1.146060987004017928e+00,1.963900000000000201e+00
2.410000000000000142e+00,1.145858813053477476e+00,1.967600000000000016e+00
2.415000000000000036e+00,1.145620814167041202e+00,1.971100000000000074e+00
2.419999999999999929e+00,1.145347463374659647e+00,1.974399999999999933e+00
2.425000000000000266e+00,1.145039233706283355e+00,1.977500000000000036e+00
2.430000000000000160e+00,1.144696598191863313e+00,1.980399999999999938e+00
2.435000000000000053e+00,1.144320029861349619e+00,1.983099999999999863e+00
2.439999999999999947e+00,1.143910001744693261e+00,1.985599999999999810e+00
2.444999999999999840e+00,1.143466986871844338e+00,1.987899999999999778e+00
2.450000000000000178e+00,1.142991458272753835e+00,1.990000000000000213e+00
2.455000000000000071e+00,1.142483888977371631e+00,1.991900000000000004e+00
2.459999999999999964e+00,1.141944752015649378e+00,1.993600000000000039e+00
2.464999999999999858e+00,1.141374520417536731e+00,1.995099999999999874e+00
2.470000000000000195e+00,1.140773667212984677e+00,1.996399999999999952e+00
2.475000000000000089e+00,1.140142665431943758e+00,1.997500000000000053e+00
2.479999999999999982e+00,1.139481988104364296e+00,1.998399999999999954e+00
2.484999999999999876e+00,1.138792108260197278e+00,1.999099999999999877e+00
2.490000000000000213e+00,1.138073498929392802e+00,1.999600000000000044e+00
2.495000000000000107e+00,1.137326633141901633e+00,1.999900000000000011e+00
2.500000000000000000e+00,1.136551983927674536e+00,2.000000000000000000e+00
2.504999999999999893e+00,1.135750024316661833e+00,1.999900000000000011e+00
2.510000000000000231e+00,1.134921227338814065e+00,1.999600000000000044e+00
2.515000000000000124e+00,1.134066066024081998e+00,1.999099999999999877e+00
2.520000000000000018e+00,1.133185013402416175e+00,1.998399999999999954e+00
2.524999999999999911e+00,1.132278542503766916e+00,1.997500000000000053e+00
2.530000000000000249e+00,1.131347126358084987e+00,1.996399999999999952e+00
2.535000000000000142e+00,1.130391237995320930e+00,1.995099999999999874e+00
2.540000000000000036e+00,1.129411350445425288e+00,1.993600000000000039e+00
2.544999999999999929e+00,1.128407936738348827e+00,1.991900000000000004e+00
2.550000000000000266e+00,1.127381469904041644e+00,1.989999999999999991e+00
2.555000000000000160e+00,1.126332422972454950e+00,1.987900000000000000e+00
2.560000000000000053e+00,1.125261268973538620e+00,1.985600000000000032e+00
2.564999999999999947e+00,1.124168480937243864e+00,1.983100000000000085e+00
2.569999999999999840e+00,1.123054531893520780e+00,1.980400000000000160e+00
2.575000000000000178e+00,1.121919894872320134e+00,1.977499999999999813e+00
2.580000000000000071e+00,1.120765042903592468e+00,1.974399999999999933e+00
2.584999999999999964e+00,1.119590449017288325e+00,1.971100000000000074e+00
2.589999999999999858e+00,1.118396586243358470e+00,1.967600000000000016e+00
2.595000000000000195e+00,1.117183927611753003e+00,1.963899999999999757e+00
2.600000000000000089e+00,1.115952946152422687e+00,1.959999999999999964e+00
2.604999999999999982e+00,1.114704114895318288e+00,1.955899999999999972e+00
2.609999999999999876e+00,1.113437906870390570e+00,1.951600000000000001e+00
2.615000000000000213e+00,1.112154795107589411e+00,1.947099999999999831e+00
2.620000000000000107e+00,1.110855252636865798e+00,1.942399999999999904e+00
2.625000000000000000e+00,1.109539752488170272e+00,1.937500000000000000e+00
2.629999999999999893e+00,1.108208767691453822e+00,1.932400000000000118e+00
2.635000000000000231e+00,1.106862771276665880e+00,1.927099999999999813e+00
2.640000000000000124e+00,1.105502236273758321e+00,1.921599999999999753e+00
2.645000000000000018e+00,1.104127635712680799e+00,1.915899999999999936e+00
2.649999999999999911e+00,1.102739442623384303e+00,1.910000000000000142e+00
2.655000000000000249e+00,1.101338130035818930e+00,1.903899999999999704e+00
2.660000000000000142e+00,1.099924170979936111e+00,1.897599999999999731e+00
2.665000000000000036e+00,1.098498038485685502e+00,1.891100000000000003e+00
2.669999999999999929e+00,1.097060205583018311e+00,1.884400000000000075e+00
2.675000000000000266e+00,1.095611145301884637e+00,1.877499999999999725e+00
2.680000000000000160e+00,1.094151330672235467e+00,1.870399999999999840e+00
2.685000000000000053e+00,1.092681234724021344e+00,1.863099999999999978e+00
2.689999999999999947e+00,1.091201330487192367e+00,1.855600000000000138e+00
2.694999999999999840e+00,1.089712090991699522e+00,1.847900000000000320e+00
2.700000000000000178e+00,1.088213989267493131e+00,1.839999999999999636e+00
2.705000000000000071e+00,1.086707498344523959e+00,1.831899999999999862e+00
2.709999999999999964e+00,1.085193091252742548e+00,1.823599999999999888e+00
2.714999999999999858e+00,1.083671241022099441e+00,1.815100000000000158e+00
2.720000000000000195e+00,1.082142420682544959e+00,1.806399999999999562e+00
2.725000000000000089e+00,1.080607103264030311e+00,1.797499999999999876e+00
2.729999999999999982e+00,1.079065761796505374e+00,1.788400000000000212e+00
2.734999999999999876e+00,1.077518869309920913e+00,1.779100000000000126e+00
2.740000000000000213e+00,1.075966898834227692e+00,1.769599999999999618e+00
2.745000000000000107e+00,1.074410323399376033e+00,1.759899999999999576e+00
2.750000000000000000e+00,1.072849616035316700e+00,1.750000000000000000e+00
2.754999999999999893e+00,1.071285249772000236e+00,1.739900000000000002e+00
2.760000000000000231e+00,1.069717697639377185e+00,1.729599999999999582e+00
2.765000000000000124e+00,1.068147432667398089e+00,1.719099999999999628e+00
2.770000000000000018e+00,1.066574927886013269e+00,1.708400000000000141e+00
2.774999999999999911e+00,1.065000656325173933e+00,1.697500000000000231e+00
2.780000000000000249e+00,1.063425091014829738e+00,1.686399999999999455e+00
2.785000000000000142e+00,1.061848704984932112e+00,1.675099999999999589e+00
2.790000000000000036e+00,1.060271971265431379e+00,1.663599999999999746e+00
2.794999999999999929e+00,1.058695362886277636e+00,1.651900000000000368e+00
2.800000000000000266e+00,1.057119352877422092e+00,1.639999999999999236e+00
2.805000000000000160e+00,1.055544414268814846e+00,1.627899999999999459e+00
2.810000000000000053e+00,1.053971020090406885e+00,1.615599999999999703e+00
2.814999999999999947e+00,1.052399643372148308e+00,1.603099999999999969e+00
2.819999999999999840e+00,1.050830757143990102e+00,1.590400000000000258e+00
2.825000000000000178e+00,1.049264834435882587e+00,1.577499999999999680e+00
2.830000000000000071e+00,1.047702348277776307e+00,1.564400000000000013e+00
2.834999999999999964e+00,1.046143771699622027e+00,1.551099999999999923e+00
2.839999999999999858e+00,1.044589577731370067e+00,1.537600000000000300e+00
2.845000000000000195e+00,1.043040239402971192e+00,1.523899999999999366e+00
2.850000000000000089e+00,1.041496229744375945e+00,1.509999999999999787e+00
2.854999999999999982e+00,1.039958021785534870e+00,1.495900000000000230e+00
2.859999999999999876e+00,1.038426088556398508e+00,1.481600000000000250e+00
2.865000000000000213e+00,1.036900903086917403e+00,1.467099999999999405e+00
2.870000000000000107e+00,1.035382938407042097e+00,1.452399999999999469e+00
2.875000000000000000e+00,1.033872667546723356e+00,1.437500000000000000e+00
2.879999999999999893e+00,1.032370563535911723e+00,1.422400000000000109e+00
2.885000000000000231e+00,1.030877099404557296e+00,1.407099999999999351e+00
2.890000000000000124e+00,1.029392748182611284e+00,1.391599999999999504e+00
2.895000000000000018e+00,1.027917982900023786e+00,1.375900000000000123e+00
2.899999999999999911e+00,1.026453276586745567e+00,1.360000000000000320e+00
2.905000000000000249e+00,1.024999102272727169e+00,1.343899999999999206e+00
2.910000000000000142e+00,1.023555932987919359e+00,1.327599999999999447e+00
2.915000000000000036e+00,1.022124241762272234e+00,1.311099999999999710e+00
2.919999999999999929e+00,1.020704501625736782e+00,1.294400000000000439e+00
2.925000000000000266e+00,1.019297185608263323e+00,1.277499999999998970e+00
2.930000000000000160e+00,1.017902766739802622e+00,1.260399999999999299e+00
2.935000000000000053e+00,1.016521718050305445e+00,1.243099999999999650e+00
2.939999999999999947e+00,1.015154512569721668e+00,1.225600000000000023e+00
2.944999999999999840e+00,1.013801623328002277e+00,1.207900000000000418e+00
2.950000000000000178e+00,1.012463523355097816e+00,1.189999999999999503e+00
2.955000000000000071e+00,1.011140685680959050e+00,1.171899999999999942e+00
2.959999999999999964e+00,1.009833583335536300e+00,1.153599999999999959e+00
2.964999999999999858e+00,1.008542689348780108e+00,1.135100000000000442e+00
2.970000000000000195e+00,1.007268476750641018e+00,1.116399999999999171e+00
2.975000000000000089e+00,1.006011418571069793e+00,1.097499999999999698e+00
2.979999999999999982e+00,1.004771987840016978e+00,1.078400000000000247e+00
2.984999999999999876e+00,1.003550657587432893e+00,1.059100000000000374e+00
2.990000000000000213e+00,1.002347900843268302e+00,1.039599999999999191e+00
2.995000000000000107e+00,1.001164190637473972e+00,1.019899999999999363e+00
3.000000000000000000e+00,1.000000000000000000e+00,1.000000000000000000e+00
3.004999999999999893e+00,9.988557019978060447e-01,9.801000000000004153e-01
3.010000000000000231e+00,9.977312698458853379e-01,9.603999999999991433e-01
3.015000000000000124e+00,9.966265767962410038e-01,9.408999999999995145e-01
3.020000000000000018e+00,9.955414961008750563e-01,9.215999999999999748e-01
3.024999999999999911e+00,9.944759010117898423e-01,9.025000000000003020e-01
3.030000000000000249e+00,9.934296647809881531e-01,8.835999999999990528e-01
3.035000000000000142e+00,9.924026606604721135e-01,8.648999999999994470e-01
3.040000000000000036e+00,9.913947619022442925e-01,8.463999999999998192e-01
3.044999999999999929e+00,9.904058417583071483e-01,8.281000000000002803e-01
3.050000000000000266e+00,9.894357734806629168e-01,8.099999999999990541e-01
3.055000000000000160e+00,9.884844303213142780e-01,7.920999999999994712e-01
3.060000000000000053e+00,9.875516855322636900e-01,7.743999999999998662e-01
3.064999999999999947e+00,9.866374123655132777e-01,7.569000000000001283e-01
3.070000000000000284e+00,9.857414840730656103e-01,7.395999999999990360e-01
3.075000000000000178e+00,9.848637739069232566e-01,7.224999999999993650e-01
3.080000000000000071e+00,9.840041551190884528e-01,7.055999999999997829e-01
3.084999999999999964e+00,9.831625009615638788e-01,6.889000000000000679e-01
3.089999999999999858e+00,9.823386846863517707e-01,6.724000000000004418e-01
3.095000000000000195e+00,9.815325795454544755e-01,6.560999999999993504e-01
3.100000000000000089e+00,9.807440587908747842e-01,6.399999999999996803e-01
3.104999999999999982e+00,9.799729956746148218e-01,6.241000000000000991e-01
3.109999999999999876e+00,9.792192634486769354e-01,6.084000000000003849e-01
3.115000000000000213e+00,9.784827353650638049e-01,5.928999999999993165e-01
3.120000000000000107e+00,9.777632846757778884e-01,5.775999999999996692e-01
3.125000000000000000e+00,9.770607846328214219e-01,5.625000000000000000e-01
3.129999999999999893e+00,9.763751084881968634e-01,5.476000000000003087e-01
3.135000000000000231e+00,9.757061294939068929e-01,5.328999999999993742e-01
3.140000000000000124e+00,9.750537209019534135e-01,5.183999999999996389e-01
3.145000000000000018e+00,9.744177559643395492e-01,5.040999999999999925e-01
3.149999999999999911e+00,9.737981079330673140e-01,4.900000000000002687e-01
3.155000000000000249e+00,9.731946500601389438e-01,4.760999999999993015e-01
3.160000000000000142e+00,9.726072555975574518e-01,4.623999999999995891e-01
3.165000000000000036e+00,9.720357977973248520e-01,4.488999999999999102e-01
3.169999999999999929e+00,9.714801499114437133e-01,4.356000000000002093e-01
3.175000000000000266e+00,9.709401851919162718e-01,4.224999999999993205e-01
3.180000000000000160e+00,9.704157768907453185e-01,4.095999999999996311e-01
3.185000000000000053e+00,9.699067982599328674e-01,3.968999999999998640e-01
3.189999999999999947e+00,9.694131225514817096e-01,3.844000000000001305e-01
3.195000000000000284e+00,9.689346230173940810e-01,3.720999999999993202e-01
3.200000000000000178e+00,9.684711729096724397e-01,3.599999999999995426e-01
3.205000000000000071e+00,9.680226454803193548e-01,3.480999999999998540e-01
3.209999999999999964e+00,9.675889139813370621e-01,3.364000000000000878e-01
3.214999999999999858e+00,9.671698516647282418e-01,3.249000000000002997e-01
3.220000000000000195e+00,9.667653317824950188e-01,3.135999999999995458e-01
3.225000000000000089e+00,9.663752275866398511e-01,3.024999999999997691e-01
3.229999999999999982e+00,9.659994123291654189e-01,2.916000000000000258e-01
3.234999999999999876e+00,9.656377592620741801e-01,2.809000000000002606e-01
3.240000000000000213e+00,9.652901416373680377e-01,2.703999999999995296e-01
3.245000000000000107e+00,9.649564327070501157e-01,2.600999999999997758e-01
3.250000000000000000e+00,9.646365057231225393e-01,2.500000000000000000e-01
3.254999999999999893e+00,9.643302339375876553e-01,2.401000000000002021e-01
3.260000000000000231e+00,9.640374906024478108e-01,2.303999999999995496e-01
3.265000000000000124e+00,9.637581489697057968e-01,2.208999999999997632e-01
3.270000000000000018e+00,9.634920822913638494e-01,2.115999999999999548e-01
3.274999999999999911e+00,9.632391638194242045e-01,2.025000000000001799e-01
3.280000000000000249e+00,9.629992668058897642e-01,1.935999999999995502e-01
3.285000000000000142e+00,9.627722645027623205e-01,1.848999999999997312e-01
3.290000000000000036e+00,9.625580301620448864e-01,1.763999999999999457e-01
3.294999999999999929e+00,9.623564370357398090e-01,1.681000000000001382e-01
3.300000000000000266e+00,9.621673583758492132e-01,1.599999999999995870e-01
3.305000000000000160e+00,9.619906674343756681e-01,1.520999999999997354e-01
3.310000000000000053e+00,9.618262374633217426e-01,1.443999999999999173e-01
3.314999999999999947e+00,9.616739417146898949e-01,1.369000000000000772e-01
3.320000000000000284e+00,9.615336534404821389e-01,1.295999999999996044e-01
3.325000000000000178e+00,9.614052458927013767e-01,1.224999999999997757e-01
3.330000000000000071e+00,9.612885923233497332e-01,1.155999999999999250e-01
3.334999999999999964e+00,9.611835659844298885e-01,1.089000000000000523e-01
3.339999999999999858e+00,9.610900401279441896e-01,1.024000000000001576e-01
3.345000000000000195e+00,9.610078880058948725e-01,9.609999999999974118e-02
3.350000000000000089e+00,9.609369828702847283e-01,8.999999999999991340e-02
3.354999999999999982e+00,9.608771979731158819e-01,8.410000000000006359e-02
3.359999999999999876e+00,9.608284065663909024e-01,7.840000000000013625e-02
3.365000000000000213e+00,9.607904819021122478e-01,7.289999999999974278e-02
3.370000000000000107e+00,9.607632972322821541e-01,6.759999999999988241e-02
3.375000000000000000e+00,9.607467258089031903e-01,6.250000000000000000e-02
3.379999999999999893e+00,9.607406408839778145e-01,5.760000000000009557e-02
3.385000000000000231e+00,9.607449157095085956e-01,5.289999999999983604e-02
3.390000000000000124e+00,9.607594235374976588e-01,4.839999999999988756e-02
3.395000000000000018e+00,9.607840376199476840e-01,4.410000000000002807e-02
3.399999999999999911e+00,9.608186312088609071e-01,4.000000000000003553e-02
3.405000000000000249e+00,9.608630775562398973e-01,3.609999999999979892e-02
3.410000000000000142e+00,9.609172499140870016e-01,3.239999999999987335e-02
3.415000000000000036e+00,9.609810215344049000e-01,2.889999999999992575e-02
3.419999999999999929e+00,9.610542656691956065e-01,2.560000000000006715e-02
3.425000000000000266e+00,9.611368555704618011e-01,2.249999999999985345e-02
3.430000000000000160e+00,9.612286644902059418e-01,1.959999999999995079e-02
3.435000000000000053e+00,9.613295656804303757e-01,1.690000000000002611e-02
3.439999999999999947e+00,9.614394323931374498e-01,1.440000000000007940e-02
3.445000000000000284e+00,9.615581378803299550e-01,1.209999999999988862e-02
3.450000000000000178e+00,9.616855553940097945e-01,9.999999999999897859e-03
3.455000000000000071e+00,9.618215581861798702e-01,8.099999999999996092e-03
3.459999999999999964e+00,9.619660195088424182e-01,6.399999999999961275e-03
3.464999999999999858e+00,9.621188126139998964e-01,4.900000000000015454e-03
3.470000000000000195e+00,9.622798107536545409e-01,3.599999999999936584e-03
3.475000000000000089e+00,9.624488871798091427e-01,2.499999999999946709e-03
3.479999999999999982e+00,9.626259151444658269e-01,1.600000000000045830e-03
3.484999999999999876e+00,9.628107678996271623e-01,9.000000000000119016e-04
3.490000000000000213e+00,9.630033186972957182e-01,3.999999999999559464e-04
3.495000000000000107e+00,9.632034407894736194e-01,9.999999999998898659e-05
3.500000000000000000e+00,9.634110074281635461e-01,0.000000000000000000e+00
3.504999999999999893e+00,9.636258918653679562e-01,9.999999999998898659e-05
3.510000000000000231e+00,9.638479673530888636e-01,3.999999999999559464e-04
3.515000000000000124e+00,9.640771071433291706e-01,9.000000000001229239e-04
3.520000000000000018e+00,9.643131844880912240e-01,1.600000000000045830e-03
3.524999999999999911e+00,9.645560726393771489e-01,2.499999999999946709e-03
3.530000000000000249e+00,9.648056448491897363e-01,3.600000000000047606e-03
3.535000000000000142e+00,9.650617743695313333e-01,4.900000000000126477e-03
3.540000000000000036e+00,9.653243344524041758e-01,6.399999999999961275e-03
3.544999999999999929e+00,9.655931983498109439e-01,8.099999999999996092e-03
3.550000000000000266e+00,9.658682393137540956e-01,1.000000000000000888e-02
3.555000000000000160e+00,9.661493305962356448e-01,1.209999999999999964e-02
3.560000000000000053e+00,9.664363454492586047e-01,1.439999999999996838e-02
3.564999999999999947e+00,9.667291571248247672e-01,1.689999999999991509e-02
3.570000000000000284e+00,9.670276388749372565e-01,1.960000000000006182e-02
3.575000000000000178e+00,9.673316639515979753e-01,2.250000000000018652e-02
3.580000000000000071e+00,9.676411056068094929e-01,2.560000000000006715e-02
3.584999999999999964e+00,9.679558370925744892e-01,2.889999999999992575e-02
3.589999999999999858e+00,9.682757316608950893e-01,3.239999999999998437e-02
3.595000000000000195e+00,9.686006625637737510e-01,3.610000000000024301e-02
3.600000000000000089e+00,9.689305030532131546e-01,4.000000000000003553e-02
3.604999999999999982e+00,9.692651263812155360e-01,4.410000000000002807e-02
3.609999999999999876e+00,9.696044057997832422e-01,4.839999999999999858e-02
3.615000000000000213e+00,9.699482145609188422e-01,5.290000000000016911e-02
3.620000000000000107e+00,9.702964259166247940e-01,5.760000000000009557e-02
3.625000000000000000e+00,9.706489131189034447e-01,6.250000000000000000e-02
3.629999999999999893e+00,9.710055494197573633e-01,6.759999999999988241e-02
3.635000000000000231e+00,9.713662080711887858e-01,7.290000000000018687e-02
3.640000000000000124e+00,9.717307623252002813e-01,7.840000000000024727e-02
3.645000000000000018e+00,9.720990854337940856e-01,8.410000000000006359e-02
3.649999999999999911e+00,9.724710506489728790e-01,8.999999999999985789e-02
3.655000000000000249e+00,9.728465312227391193e-01,9.610000000000029630e-02
3.660000000000000142e+00,9.732254004070950426e-01,1.024000000000002686e-01
3.665000000000000036e+00,9.736075314540431069e-01,1.088999999999999968e-01
3.669999999999999929e+00,9.739927976155858813e-01,1.155999999999999250e-01
3.675000000000000266e+00,9.743810721437258238e-01,1.225000000000002753e-01
3.680000000000000160e+00,9.747722282904649482e-01,1.296000000000001595e-01
3.685000000000000053e+00,9.751661393078061568e-01,1.369000000000000217e-01
3.689999999999999947e+00,9.755626784477517965e-01,1.443999999999998618e-01
3.695000000000000284e+00,9.759617189623039923e-01,1.521000000000003460e-01
3.700000000000000178e+00,9.763631341034655353e-01,1.600000000000003642e-01
3.705000000000000071e+00,9.767667971232387725e-01,1.681000000000001382e-01
3.709999999999999964e+00,9.771725812736260508e-01,1.764000000000001123e-01
3.714999999999999858e+00,9.775803598066298283e-01,1.848999999999998423e-01
3.720000000000000195e+00,9.779900059742525631e-01,1.936000000000004384e-01
3.725000000000000089e+00,9.784013930284966021e-01,2.025000000000001243e-01
3.729999999999999982e+00,9.788143942213645143e-01,2.115999999999997883e-01
3.734999999999999876e+00,9.792288828048587579e-01,2.208999999999998742e-01
3.740000000000000213e+00,9.796447320309814577e-01,2.304000000000003823e-01
3.745000000000000107e+00,9.800618151517354049e-01,2.401000000000004242e-01
3.750000000000000000e+00,9.804800054191229464e-01,2.500000000000000000e-01
3.754999999999999893e+00,9.808991760851462072e-01,2.600999999999999979e-01
3.760000000000000231e+00,9.813192004018080894e-01,2.704000000000004178e-01
3.765000000000000124e+00,9.817399516211107180e-01,2.809000000000003716e-01
3.770000000000000018e+00,9.821613029950566620e-01,2.915999999999998593e-01
3.774999999999999911e+00,9.825831277756482685e-01,3.024999999999997691e-01
3.780000000000000249e+00,9.830052992148879953e-01,3.136000000000005450e-01
3.785000000000000142e+00,9.834276905647783007e-01,3.249000000000004107e-01
3.790000000000000036e+00,9.838501750773216425e-01,3.364000000000002544e-01
3.794999999999999929e+00,9.842726260045202569e-01,3.480999999999996319e-01
3.800000000000000266e+00,9.846949165983769348e-01,3.600000000000007638e-01
3.805000000000000160e+00,9.851169201108938012e-01,3.721000000000005414e-01
3.810000000000000053e+00,9.855385097940732031e-01,3.844000000000002970e-01
3.814999999999999947e+00,9.859595588999180427e-01,3.969000000000000306e-01
3.820000000000000284e+00,9.863799406804303338e-01,4.096000000000006303e-01
3.825000000000000178e+00,9.867995283876126456e-01,4.225000000000003197e-01
3.830000000000000071e+00,9.872181952734674359e-01,4.355999999999999872e-01
3.834999999999999964e+00,9.876358145899970520e-01,4.489000000000000767e-01
3.839999999999999858e+00,9.880522595892039517e-01,4.623999999999997002e-01
3.845000000000000195e+00,9.884674035230907041e-01,4.761000000000006338e-01
3.850000000000000089e+00,9.888811196436596562e-01,4.900000000000002132e-01
3.854999999999999982e+00,9.892932812029130440e-01,5.040999999999997705e-01
3.859999999999999876e+00,9.897037614528536587e-01,5.183999999999997499e-01
3.865000000000000213e+00,9.901124336454836250e-01,5.329000000000005954e-01
3.870000000000000107e+00,9.905191710328055121e-01,5.476000000000005308e-01
3.875000000000000000e+00,9.909238468668217781e-01,5.625000000000000000e-01
3.879999999999999893e+00,9.913263343995346588e-01,5.775999999999998913e-01
3.885000000000000231e+00,9.917265068829469454e-01,5.929000000000006487e-01
3.890000000000000124e+00,9.921242375690607629e-01,6.084000000000004960e-01
3.895000000000000018e+00,9.925193997098785692e-01,6.240999999999998771e-01
3.899999999999999911e+00,9.929118665574030445e-01,6.399999999999996803e-01
3.905000000000000249e+00,9.933015113636364246e-01,6.561000000000007937e-01
3.910000000000000142e+00,9.936882073805809457e-01,6.724000000000005528e-01
3.915000000000000036e+00,9.940718278602395097e-01,6.889000000000002899e-01
3.919999999999999929e+00,9.944522460546141307e-01,7.055999999999995609e-01
3.925000000000000266e+00,9.948293352157074887e-01,7.225000000000010303e-01
3.930000000000000160e+00,9.952029685955219307e-01,7.396000000000007013e-01
3.935000000000000053e+00,9.955730194460599147e-01,7.569000000000003503e-01
3.939999999999999947e+00,9.959393610193237878e-01,7.743999999999999773e-01
3.945000000000000284e+00,9.963018665673161189e-01,7.921000000000009145e-01
3.950000000000000178e+00,9.966604093420391441e-01,8.100000000000004974e-01
3.955000000000000071e+00,9.970148625954954325e-01,8.281000000000000583e-01
3.959999999999999964e+00,9.973650995796875529e-01,8.464000000000000412e-01
3.965000000000000302e+00,9.977109935466177415e-01,8.649000000000013344e-01
3.970000000000000195e+00,9.980524177482883452e-01,8.836000000000008292e-01
3.975000000000000089e+00,9.983892454367020441e-01,9.025000000000003020e-01
3.979999999999999982e+00,9.987213498638610742e-01,9.215999999999997527e-01
3.984999999999999876e+00,9.990486042817680046e-01,9.408999999999996255e-01
3.990000000000000213e+00,9.993708819424249601e-01,9.604000000000008086e-01
3.995000000000000107e+00,9.996880560978349539e-01,9.801000000000006374e-01
4.000000000000000000e+00,1.000000000000000000e+00,1.000000000000000000e+00
4.004999999999999893e+00,1.000306613685928658e+00,1.019899999999999585e+00
4.009999999999999787e+00,1.000607904332654785e+00,1.039599999999999191e+00
4.014999999999999680e+00,1.000903905902217783e+00,1.059099999999998820e+00
4.020000000000000462e+00,1.001194652356657722e+00,1.078400000000001802e+00
4.025000000000000355e+00,1.001480177658013782e+00,1.097500000000001252e+00
4.030000000000000249e+00,1.001760515768325810e+00,1.116400000000000947e+00
4.035000000000000142e+00,1.002035700649633654e+00,1.135100000000000442e+00
4.040000000000000036e+00,1.002305766263977382e+00,1.153600000000000181e+00
4.044999999999999929e+00,1.002570746573395954e+00,1.171899999999999720e+00
4.049999999999999822e+00,1.002830675539929661e+00,1.189999999999999281e+00
4.054999999999999716e+00,1.003085587125617906e+00,1.207899999999999086e+00
4.060000000000000497e+00,1.003335515292500535e+00,1.225600000000001799e+00
4.065000000000000391e+00,1.003580494002616952e+00,1.243100000000001426e+00
4.070000000000000284e+00,1.003820557218007448e+00,1.260400000000001075e+00
4.075000000000000178e+00,1.004055738900710981e+00,1.277500000000000524e+00
4.080000000000000071e+00,1.004286073012768066e+00,1.294400000000000217e+00
4.084999999999999964e+00,1.004511593516217660e+00,1.311099999999999932e+00
4.089999999999999858e+00,1.004732334373100056e+00,1.327599999999999447e+00
4.094999999999999751e+00,1.004948329545454433e+00,1.343899999999999206e+00
4.099999999999999645e+00,1.005159612995320861e+00,1.359999999999998765e+00
4.105000000000000426e+00,1.005366218684739188e+00,1.375900000000001455e+00
4.110000000000000320e+00,1.005568180575748816e+00,1.391600000000001058e+00
4.115000000000000213e+00,1.005765532630389369e+00,1.407100000000000684e+00
4.120000000000000107e+00,1.005958308810700697e+00,1.422400000000000331e+00
4.125000000000000000e+00,1.006146543078722644e+00,1.437500000000000000e+00
4.129999999999999893e+00,1.006330269396494614e+00,1.452399999999999691e+00
4.134999999999999787e+00,1.006509521726056677e+00,1.467099999999999405e+00
4.139999999999999680e+00,1.006684334029448236e+00,1.481599999999999140e+00
4.145000000000000462e+00,1.006854740268709136e+00,1.495900000000001340e+00
4.150000000000000355e+00,1.007020774405879004e+00,1.510000000000000897e+00
4.155000000000000249e+00,1.007182470402997687e+00,1.523900000000000698e+00
4.160000000000000142e+00,1.007339862222104809e+00,1.537600000000000300e+00
4.165000000000000036e+00,1.007492983825239996e+00,1.551100000000000145e+00
4.169999999999999929e+00,1.007641869174442872e+00,1.564399999999999791e+00
4.174999999999999822e+00,1.007786552231753285e+00,1.577499999999999458e+00
4.179999999999999716e+00,1.007927066959211082e+00,1.590399999999999370e+00
4.185000000000000497e+00,1.008063447318855888e+00,1.603100000000001302e+00
4.190000000000000391e+00,1.008195727272727105e+00,1.615600000000001035e+00
4.195000000000000284e+00,1.008323940782865025e+00,1.627900000000000791e+00
4.200000000000000178e+00,1.008448121811308829e+00,1.640000000000000346e+00
4.205000000000000071e+00,1.008568304320098363e+00,1.651900000000000146e+00
4.209999999999999964e+00,1.008684522271273476e+00,1.663599999999999968e+00
4.214999999999999858e+00,1.008796809626873570e+00,1.675099999999999589e+00
4.219999999999999751e+00,1.008905200348938491e+00,1.686399999999999455e+00
4.224999999999999645e+00,1.009009728399508310e+00,1.697499999999999343e+00
4.230000000000000426e+00,1.009110427740622207e+00,1.708400000000001029e+00
4.235000000000000320e+00,1.009207332334320251e+00,1.719100000000000739e+00
4.240000000000000213e+00,1.009300476142641845e+00,1.729600000000000470e+00
4.245000000000000107e+00,1.009389893127626836e+00,1.739900000000000224e+00
4.250000000000000000e+00,1.009475617251315072e+00,1.750000000000000000e+00
4.254999999999999893e+00,1.009557682475746176e+00,1.759899999999999798e+00
4.259999999999999787e+00,1.009636122762959554e+00,1.769599999999999618e+00
4.264999999999999680e+00,1.009710972074995272e+00,1.779099999999999460e+00
4.270000000000000462e+00,1.009782264373892957e+00,1.788400000000000878e+00
4.275000000000000355e+00,1.009850033621692234e+00,1.797500000000000764e+00
4.280000000000000249e+00,1.009914313780432948e+00,1.806400000000000450e+00
4.285000000000000142e+00,1.009975138812154727e+00,1.815100000000000158e+00
4.290000000000000036e+00,1.010032542678897194e+00,1.823600000000000110e+00
4.294999999999999929e+00,1.010086559342699974e+00,1.831899999999999862e+00
4.299999999999999822e+00,1.010137222765603138e+00,1.839999999999999636e+00
4.304999999999999716e+00,1.010184566909645865e+00,1.847899999999999654e+00
4.310000000000000497e+00,1.010228625736868668e+00,1.855600000000000804e+00
4.315000000000000391e+00,1.010269433209310286e+00,1.863100000000000644e+00
4.320000000000000284e+00,1.010307023289011008e+00,1.870400000000000507e+00
4.325000000000000178e+00,1.010341429938010460e+00,1.877500000000000169e+00
4.330000000000000071e+00,1.010372687118348267e+00,1.884400000000000075e+00
4.334999999999999964e+00,1.010400828792064276e+00,1.891100000000000003e+00
4.339999999999999858e+00,1.010425888921197890e+00,1.897599999999999731e+00
4.344999999999999751e+00,1.010447901467789178e+00,1.903899999999999704e+00
4.350000000000000533e+00,1.010466900393877765e+00,1.910000000000000586e+00
4.355000000000000426e+00,1.010482919661503054e+00,1.915900000000000603e+00
4.360000000000000320e+00,1.010495993232705114e+00,1.921600000000000197e+00
4.365000000000000213e+00,1.010506155069523349e+00,1.927100000000000257e+00
4.370000000000000107e+00,1.010513439133997604e+00,1.932400000000000118e+00
4.375000000000000000e+00,1.010517879388167728e+00,1.937500000000000000e+00
4.379999999999999893e+00,1.010519509794073345e+00,1.942399999999999904e+00
4.384999999999999787e+00,1.010518364313753858e+00,1.947099999999999831e+00
4.389999999999999680e+00,1.010514476909249337e+00,1.951599999999999557e+00
4.395000000000000462e+00,1.010507881542599629e+00,1.955900000000000416e+00
4.400000000000000355e+00,1.010498612175843913e+00,1.960000000000000409e+00
4.405000000000000249e+00,1.010486702771022260e+00,1.963900000000000201e+00
4.410000000000000142e+00,1.010472187290174073e+00,1.967600000000000016e+00
4.415000000000000036e+00,1.010455099695339420e+00,1.971100000000000074e+00
4.419999999999999929e+00,1.010435473948557927e+00,1.974399999999999933e+00
4.424999999999999822e+00,1.010413344011869219e+00,1.977500000000000036e+00
4.429999999999999716e+00,1.010388743847312920e+00,1.980399999999999938e+00
4.435000000000000497e+00,1.010361707416928656e+00,1.983100000000000307e+00
4.440000000000000391e+00,1.010332268682756496e+00,1.985600000000000254e+00
4.445000000000000284e+00,1.010300461606835842e+00,1.987900000000000222e+00
4.450000000000000178e+00,1.010266320151206543e+00,1.990000000000000213e+00
4.455000000000000071e+00,1.010229878277908444e+00,1.991900000000000004e+00
4.459999999999999964e+00,1.010191169948980949e+00,1.993600000000000039e+00
4.464999999999999858e+00,1.010150229126463906e+00,1.995099999999999874e+00
4.469999999999999751e+00,1.010107089772396716e+00,1.996399999999999952e+00
4.475000000000000533e+00,1.010061785848819671e+00,1.997500000000000053e+00
4.480000000000000426e+00,1.010014351317771952e+00,1.998400000000000176e+00
4.485000000000000320e+00,1.009964820141293629e+00,1.999099999999999877e+00
4.490000000000000213e+00,1.009913226281424325e+00,1.999600000000000044e+00
4.495000000000000107e+00,1.009859603700203445e+00,1.999900000000000011e+00
4.500000000000000000e+00,1.009803986359671057e+00,2.000000000000000000e+00
4.504999999999999893e+00,1.009746408221866787e+00,1.999900000000000011e+00
4.509999999999999787e+00,1.009686903248830259e+00,1.999600000000000044e+00
4.514999999999999680e+00,1.009625505402601098e+00,1.999100000000000099e+00
4.520000000000000462e+00,1.009562248645219373e+00,1.998399999999999954e+00
4.525000000000000355e+00,1.009497166938724266e+00,1.997499999999999831e+00
4.530000000000000249e+00,1.009430294245155846e+00,1.996399999999999952e+00
4.535000000000000142e+00,1.009361664526553737e+00,1.995099999999999874e+00
4.540000000000000036e+00,1.009291311744957564e+00,1.993600000000000039e+00
4.544999999999999929e+00,1.009219269862407176e+00,1.991900000000000004e+00
4.549999999999999822e+00,1.009145572840941973e+00,1.989999999999999991e+00
4.554999999999999716e+00,1.009070254642602249e+00,1.987900000000000222e+00
4.560000000000000497e+00,1.008993349229426961e+00,1.985599999999999810e+00
4.565000000000000391e+00,1.008914890563456623e+00,1.983099999999999863e+00
4.570000000000000284e+00,1.008834912606730194e+00,1.980399999999999938e+00
4.575000000000000178e+00,1.008753449321287743e+00,1.977499999999999813e+00
4.580000000000000071e+00,1.008670534669169117e+00,1.974399999999999933e+00
4.584999999999999964e+00,1.008586202612413718e+00,1.971100000000000074e+00
4.589999999999999858e+00,1.008500487113061395e+00,1.967600000000000016e+00
4.594999999999999751e+00,1.008413422133151771e+00,1.963900000000000201e+00
4.600000000000000533e+00,1.008325041634724695e+00,1.959999999999999520e+00
4.605000000000000426e+00,1.008235379579819568e+00,1.955899999999999750e+00
4.610000000000000320e+00,1.008144469930476461e+00,1.951599999999999779e+00
4.615000000000000213e+00,1.008052346648735220e+00,1.947099999999999831e+00
4.620000000000000107e+00,1.007959043696634804e+00,1.942399999999999904e+00
4.625000000000000000e+00,1.007864595036215505e+00,1.937500000000000000e+00
4.629999999999999893e+00,1.007769034629516947e+00,1.932400000000000118e+00
4.634999999999999787e+00,1.007672396438578755e+00,1.927100000000000257e+00
4.639999999999999680e+00,1.007574714425440776e+00,1.921600000000000419e+00
4.645000000000000462e+00,1.007476022552142414e+00,1.915899999999999492e+00
4.650000000000000355e+00,1.007376354780723737e+00,1.909999999999999476e+00
4.655000000000000249e+00,1.007275745073224149e+00,1.903899999999999704e+00
4.660000000000000142e+00,1.007174227391683496e+00,1.897599999999999731e+00
4.665000000000000036e+00,1.007071835698141626e+00,1.891100000000000003e+00
4.669999999999999929e+00,1.006968603954637942e+00,1.884400000000000075e+00
4.674999999999999822e+00,1.006864566123212290e+00,1.877500000000000169e+00
4.679999999999999716e+00,1.006759756165904296e+00,1.870400000000000507e+00
4.685000000000000497e+00,1.006654208044754029e+00,1.863099999999999312e+00
4.690000000000000391e+00,1.006547955721800669e+00,1.855599999999999472e+00
4.695000000000000284e+00,1.006441033159084286e+00,1.847899999999999654e+00
4.700000000000000178e+00,1.006333474318644505e+00,1.839999999999999636e+00
4.705000000000000071e+00,1.006225313162520729e+00,1.831899999999999862e+00
4.709999999999999964e+00,1.006116583652753027e+00,1.823599999999999888e+00
4.714999999999999858e+00,1.006007319751381024e+00,1.815100000000000158e+00
4.719999999999999751e+00,1.005897555420444567e+00,1.806400000000000450e+00
4.725000000000000533e+00,1.005787324621983059e+00,1.797499999999998987e+00
4.730000000000000426e+00,1.005676661318036347e+00,1.788399999999999324e+00
4.735000000000000320e+00,1.005565599470644278e+00,1.779099999999999238e+00
4.740000000000000213e+00,1.005454173041846033e+00,1.769599999999999618e+00
4.745000000000000107e+00,1.005342415993681904e+00,1.759899999999999576e+00
4.750000000000000000e+00,1.005230362288191515e+00,1.750000000000000000e+00
4.754999999999999893e+00,1.005118045887414269e+00,1.739900000000000002e+00
4.759999999999999787e+00,1.005005500753390235e+00,1.729600000000000470e+00
4.764999999999999680e+00,1.004892760848158817e+00,1.719100000000000517e+00
4.770000000000000462e+00,1.004779860133759861e+00,1.708399999999998808e+00
4.775000000000000355e+00,1.004666832572232993e+00,1.697499999999999343e+00
4.780000000000000249e+00,1.004553712125617837e+00,1.686399999999999455e+00
4.785000000000000142e+00,1.004440532755954463e+00,1.675099999999999589e+00
4.790000000000000036e+00,1.004327328425282051e+00,1.663599999999999746e+00
4.794999999999999929e+00,1.004214133095640893e+00,1.651900000000000368e+00
4.799999999999999822e+00,1.004100980729070169e+00,1.640000000000000568e+00
4.804999999999999716e+00,1.003987905287609950e+00,1.627900000000000791e+00
4.810000000000000497e+00,1.003874940733299859e+00,1.615599999999998815e+00
4.815000000000000391e+00,1.003762121028179299e+00,1.603099999999999081e+00
4.820000000000000284e+00,1.003649480134288563e+00,1.590399999999999370e+00
4.825000000000000178e+00,1.003537052013666830e+00,1.577499999999999680e+00
4.830000000000000071e+00,1.003424870628353727e+00,1.564400000000000013e+00
4.834999999999999964e+00,1.003312969940389543e+00,1.551099999999999923e+00
4.839999999999999858e+00,1.003201383911813682e+00,1.537600000000000300e+00
4.844999999999999751e+00,1.003090146504665769e+00,1.523900000000000698e+00
4.850000000000000533e+00,1.002979291680985430e+00,1.509999999999998455e+00
4.855000000000000426e+00,1.002868853402812732e+00,1.495899999999998897e+00
4.860000000000000320e+00,1.002758865632186858e+00,1.481599999999998918e+00
4.865000000000000213e+00,1.002649362331148097e+00,1.467099999999999405e+00
4.870000000000000107e+00,1.002540377461735632e+00,1.452399999999999469e+00
4.875000000000000000e+00,1.002431944985989531e+00,1.437500000000000000e+00
4.879999999999999893e+00,1.002324098865949420e+00,1.422400000000000109e+00
4.884999999999999787e+00,1.002216873063654701e+00,1.407100000000000684e+00
4.889999999999999680e+00,1.002110301541145665e+00,1.391600000000000836e+00
4.895000000000000462e+00,1.002004418260461494e+00,1.375899999999998347e+00
4.900000000000000355e+00,1.001899257183642034e+00,1.359999999999998987e+00
4.905000000000000249e+00,1.001794852272727132e+00,1.343899999999999206e+00
4.910000000000000142e+00,1.001691237489756414e+00,1.327599999999999447e+00
4.915000000000000036e+00,1.001588446796769727e+00,1.311099999999999710e+00
4.919999999999999929e+00,1.001486514155806251e+00,1.294400000000000439e+00
4.924999999999999822e+00,1.001385473528906278e+00,1.277500000000000746e+00
4.929999999999999716e+00,1.001285358878109433e+00,1.260400000000001075e+00
4.935000000000000497e+00,1.001186204165454896e+00,1.243099999999998317e+00
4.940000000000000391e+00,1.001088043352982959e+00,1.225599999999998690e+00
4.945000000000000284e+00,1.000990910402733247e+00,1.207899999999999086e+00
4.950000000000000178e+00,1.000894839276745385e+00,1.189999999999999503e+00
4.955000000000000071e+00,1.000799863937058776e+00,1.171899999999999942e+00
4.959999999999999964e+00,1.000706018345713488e+00,1.153599999999999959e+00
4.964999999999999858e+00,1.000613336464749148e+00,1.135100000000000442e+00
4.969999999999999751e+00,1.000521852256205380e+00,1.116400000000000947e+00
4.975000000000000533e+00,1.000431599682122252e+00,1.097499999999997922e+00
4.980000000000000426e+00,1.000342612704538725e+00,1.078399999999998471e+00
4.985000000000000320e+00,1.000254925285495089e+00,1.059099999999998598e+00
4.990000000000000213e+00,1.000168571387030969e+00,1.039599999999999191e+00
4.995000000000000107e+00,1.000083584971186212e+00,1.019899999999999363e+00
5.000000000000000000e+00,1.000000000000000000e+00,1.000000000000000000e+00
5.004999999999999893e+00,9.999178432584788778e-01,9.801000000000004153e-01
5.009999999999999787e+00,9.998371128234950778e-01,9.604000000000008086e-01
5.014999999999999680e+00,9.997577995948875307e-01,9.409000000000012909e-01
5.020000000000000462e+00,9.996798944724946123e-01,9.215999999999981984e-01
5.025000000000000355e+00,9.996033883561553646e-01,9.024999999999986366e-01
5.030000000000000249e+00,9.995282721457082742e-01,8.835999999999990528e-01
5.035000000000000142e+00,9.994545367409922720e-01,8.648999999999994470e-01
5.040000000000000036e+00,9.993821730418461780e-01,8.463999999999998192e-01
5.044999999999999929e+00,9.993111719481085897e-01,8.281000000000002803e-01
5.049999999999999822e+00,9.992415243596182162e-01,8.100000000000006084e-01
5.054999999999999716e+00,9.991732211762139881e-01,7.921000000000010255e-01
5.060000000000000497e+00,9.991062532977345034e-01,7.743999999999982009e-01
5.065000000000000391e+00,9.990406116240184708e-01,7.568999999999986850e-01
5.070000000000000284e+00,9.989762870549048213e-01,7.395999999999990360e-01
5.075000000000000178e+00,9.989132704902323745e-01,7.224999999999993650e-01
5.080000000000000071e+00,9.988515528298395063e-01,7.055999999999997829e-01
5.084999999999999964e+00,9.987911249735651475e-01,6.889000000000000679e-01
5.089999999999999858e+00,9.987319778212482291e-01,6.724000000000004418e-01
5.094999999999999751e+00,9.986741022727271266e-01,6.561000000000007937e-01
5.100000000000000533e+00,9.986174892278409931e-01,6.399999999999983480e-01
5.105000000000000426e+00,9.985621295864284264e-01,6.240999999999986558e-01
5.110000000000000320e+00,9.985080142483280241e-01,6.083999999999990527e-01
5.115000000000000213e+00,9.984551341133784952e-01,5.928999999999993165e-01
5.120000000000000107e+00,9.984034800814188815e-01,5.775999999999996692e-01
5.125000000000000000e+00,9.983530430522880028e-01,5.625000000000000000e-01
5.129999999999999893e+00,9.983038139258240129e-01,5.476000000000003087e-01
5.134999999999999787e+00,9.982557836018662867e-01,5.329000000000005954e-01
5.139999999999999680e+00,9.982089429802531999e-01,5.184000000000008601e-01
5.145000000000000462e+00,9.981632829608236834e-01,5.040999999999986603e-01
5.150000000000000355e+00,9.981187944434164461e-01,4.899999999999989919e-01
5.155000000000000249e+00,9.980754683278700856e-01,4.760999999999993015e-01
5.160000000000000142e+00,9.980332955140236439e-01,4.623999999999995891e-01
5.165000000000000036e+00,9.979922669017154968e-01,4.488999999999999102e-01
5.169999999999999929e+00,9.979523733907847971e-01,4.356000000000002093e-01
5.174999999999999822e+00,9.979136058810700316e-01,4.225000000000004308e-01
5.179999999999999716e+00,9.978759552724101312e-01,4.096000000000007413e-01
5.185000000000000497e+00,9.978394124646434715e-01,3.968999999999987538e-01
5.190000000000000391e+00,9.978039683576092056e-01,3.843999999999990203e-01
5.195000000000000284e+00,9.977696138511459312e-01,3.720999999999993202e-01
5.200000000000000178e+00,9.977363398450922460e-01,3.599999999999995426e-01
5.205000000000000071e+00,9.977041372392871921e-01,3.480999999999998540e-01
5.209999999999999964e+00,9.976729969335693671e-01,3.364000000000000878e-01
5.214999999999999858e+00,9.976429098277777019e-01,3.249000000000002997e-01
5.219999999999999751e+00,9.976138668217504613e-01,3.136000000000005450e-01
5.225000000000000533e+00,9.975858588153267981e-01,3.024999999999988254e-01
5.230000000000000426e+00,9.975588767083454211e-01,2.915999999999990822e-01
5.235000000000000320e+00,9.975329114006450393e-01,2.808999999999993169e-01
5.240000000000000213e+00,9.975079537920642503e-01,2.703999999999995296e-01
5.245000000000000107e+00,9.974839947824420960e-01,2.600999999999997758e-01
5.250000000000000000e+00,9.974610252716170633e-01,2.500000000000000000e-01
5.254999999999999893e+00,9.974390361594278609e-01,2.401000000000002021e-01
5.259999999999999787e+00,9.974180183457135307e-01,2.304000000000003823e-01
5.264999999999999680e+00,9.973979627303126705e-01,2.209000000000005959e-01
5.270000000000000462e+00,9.973788602130639891e-01,2.115999999999991776e-01
5.275000000000000355e+00,9.973607016938063063e-01,2.024999999999993472e-01
5.280000000000000249e+00,9.973434780723783311e-01,1.935999999999995502e-01
5.285000000000000142e+00,9.973271802486187720e-01,1.848999999999997312e-01
5.290000000000000036e+00,9.973117991223663381e-01,1.763999999999999457e-01
5.294999999999999929e+00,9.972973255934600711e-01,1.681000000000001382e-01
5.299999999999999822e+00,9.972837505617383469e-01,1.600000000000003086e-01
5.304999999999999716e+00,9.972710649270400962e-01,1.521000000000004571e-01
5.310000000000000497e+00,9.972592595892040279e-01,1.443999999999992512e-01
5.315000000000000391e+00,9.972483254480688508e-01,1.368999999999994110e-01
5.320000000000000284e+00,9.972382534034733848e-01,1.295999999999996044e-01
5.325000000000000178e+00,9.972290343552565606e-01,1.224999999999997757e-01
5.330000000000000071e+00,9.972206592032567540e-01,1.155999999999999250e-01
5.334999999999999964e+00,9.972131188473128960e-01,1.089000000000000523e-01
5.339999999999999858e+00,9.972064041872636952e-01,1.024000000000001576e-01
5.344999999999999751e+00,9.972005061229480827e-01,9.610000000000029630e-02
5.350000000000000533e+00,9.971954155542044340e-01,8.999999999999935829e-02
5.355000000000000426e+00,9.971911233808717911e-01,8.409999999999950848e-02
5.360000000000000320e+00,9.971876205027888629e-01,7.839999999999969216e-02
5.365000000000000213e+00,9.971848978197943580e-01,7.289999999999974278e-02
5.370000000000000107e+00,9.971829462317269854e-01,6.759999999999988241e-02
5.375000000000000000e+00,9.971817566384255649e-01,6.250000000000000000e-02
5.379999999999999893e+00,9.971813199397288052e-01,5.760000000000009557e-02
5.384999999999999787e+00,9.971816270354754153e-01,5.290000000000016911e-02
5.389999999999999680e+00,9.971826688255042148e-01,4.840000000000033165e-02
5.395000000000000462e+00,9.971844362096539127e-01,4.409999999999958398e-02
5.400000000000000355e+00,9.971869200877634398e-01,3.999999999999970246e-02
5.405000000000000249e+00,9.971901113596712829e-01,3.609999999999979892e-02
5.410000000000000142e+00,9.971940009252160397e-01,3.239999999999987335e-02
5.415000000000000036e+00,9.971985796842369743e-01,2.889999999999992575e-02
5.419999999999999929e+00,9.972038385365724622e-01,2.560000000000006715e-02
5.424999999999999822e+00,9.972097683820613234e-01,2.250000000000007550e-02
5.429999999999999716e+00,9.972163601205423777e-01,1.960000000000017284e-02
5.435000000000000497e+00,9.972236046518543340e-01,1.689999999999969305e-02
5.440000000000000391e+00,9.972314928758360120e-01,1.439999999999985736e-02
5.445000000000000284e+00,9.972400156923258985e-01,1.209999999999988862e-02
5.450000000000000178e+00,9.972491640011631464e-01,9.999999999999897859e-03
5.455000000000000071e+00,9.972589287021862425e-01,8.099999999999996092e-03
5.459999999999999964e+00,9.972693006952337846e-01,6.399999999999961275e-03
5.464999999999999858e+00,9.972802708801449256e-01,4.900000000000015454e-03
5.469999999999999751e+00,9.972918301567580412e-01,3.600000000000047606e-03
5.475000000000000533e+00,9.973039694249120624e-01,2.499999999999946709e-03
5.480000000000000426e+00,9.973166795844456978e-01,1.599999999999934808e-03
5.485000000000000320e+00,9.973299515351978783e-01,9.000000000000119016e-04
5.490000000000000213e+00,9.973437761770069798e-01,3.999999999999559464e-04
5.495000000000000107e+00,9.973581444097121551e-01,9.999999999998898659e-05
5.500000000000000000e+00,9.973730471331517800e-01,0.000000000000000000e+00
5.504999999999999893e+00,9.973884752471648962e-01,9.999999999998898659e-05
5.509999999999999787e+00,9.974044196515899907e-01,3.999999999999559464e-04
5.514999999999999680e+00,9.974208712462661053e-01,8.999999999999008793e-04
5.520000000000000462e+00,9.974378209310317267e-01,1.600000000000045830e-03
5.525000000000000355e+00,9.974552596057257858e-01,2.500000000000168754e-03
5.530000000000000249e+00,9.974731781701868805e-01,3.600000000000047606e-03
5.535000000000000142e+00,9.974915675242538304e-01,4.900000000000126477e-03
5.540000000000000036e+00,9.975104185677654556e-01,6.399999999999961275e-03
5.544999999999999929e+00,9.975297222005604647e-01,8.099999999999996092e-03
5.549999999999999822e+00,9.975494693224774556e-01,1.000000000000000888e-02
5.554999999999999716e+00,9.975696508333553592e-01,1.209999999999977760e-02
5.560000000000000497e+00,9.975902576330328841e-01,1.440000000000019043e-02
5.565000000000000391e+00,9.976112806213486284e-01,1.690000000000013713e-02
5.570000000000000284e+00,9.976327106981417447e-01,1.960000000000006182e-02
5.575000000000000178e+00,9.976545387632504980e-01,2.250000000000018652e-02
5.580000000000000071e+00,9.976767557165138189e-01,2.560000000000006715e-02
5.584999999999999964e+00,9.976993524577704164e-01,2.889999999999992575e-02
5.589999999999999858e+00,9.977223198868592213e-01,3.239999999999998437e-02
5.594999999999999751e+00,9.977456489036189424e-01,3.609999999999979892e-02
5.600000000000000533e+00,9.977693304078880665e-01,4.000000000000047962e-02
5.605000000000000426e+00,9.977933552995057465e-01,4.410000000000025011e-02
5.610000000000000320e+00,9.978177144783102470e-01,4.840000000000022062e-02
5.615000000000000213e+00,9.978423988441407211e-01,5.290000000000016911e-02
5.620000000000000107e+00,9.978673992968356554e-01,5.760000000000009557e-02
5.625000000000000000e+00,9.978927067362342029e-01,6.250000000000000000e-02
5.629999999999999893e+00,9.979183120621746284e-01,6.759999999999988241e-02
5.634999999999999787e+00,9.979442061744957515e-01,7.289999999999974278e-02
5.639999999999999680e+00,9.979703799730366143e-01,7.839999999999958114e-02
5.645000000000000462e+00,9.979968243576355924e-01,8.410000000000050768e-02
5.650000000000000355e+00,9.980235302281318388e-01,9.000000000000052403e-02
5.655000000000000249e+00,9.980504884843639513e-01,9.610000000000029630e-02
5.660000000000000142e+00,9.980776900261704165e-01,1.024000000000002686e-01
5.665000000000000036e+00,9.981051257533902765e-01,1.088999999999999968e-01
5.669999999999999929e+00,9.981327865658621290e-01,1.155999999999999250e-01
5.674999999999999822e+00,9.981606633634247938e-01,1.224999999999998312e-01
5.679999999999999716e+00,9.981887470459170908e-01,1.295999999999994934e-01
5.685000000000000497e+00,9.982170285131777288e-01,1.369000000000006878e-01
5.690000000000000391e+00,9.982454986650453055e-01,1.444000000000005279e-01
5.695000000000000284e+00,9.982741484013587518e-01,1.521000000000003460e-01
5.700000000000000178e+00,9.983029686219566656e-01,1.600000000000003642e-01
5.705000000000000071e+00,9.983319502266778667e-01,1.681000000000001382e-01
5.709999999999999964e+00,9.983610841153612858e-01,1.764000000000001123e-01
5.714999999999999858e+00,9.983903611878452988e-01,1.848999999999998423e-01
5.719999999999999751e+00,9.984197723439689476e-01,1.935999999999995502e-01
5.725000000000000533e+00,9.984493084835708299e-01,2.025000000000010125e-01
5.730000000000000426e+00,9.984789605064896545e-01,2.116000000000006764e-01
5.735000000000000320e+00,9.985087193125643523e-01,2.209000000000007624e-01
5.740000000000000213e+00,9.985385758016336322e-01,2.304000000000003823e-01
5.745000000000000107e+00,9.985685208735362028e-01,2.401000000000004242e-01
5.750000000000000000e+00,9.985985454281107732e-01,2.500000000000000000e-01
5.754999999999999893e+00,9.986286403651960519e-01,2.600999999999999979e-01
5.759999999999999787e+00,9.986587965846308590e-01,2.703999999999995296e-01
5.764999999999999680e+00,9.986890049862540142e-01,2.808999999999994834e-01
5.770000000000000462e+00,9.987192564699041153e-01,2.916000000000011916e-01
5.775000000000000355e+00,9.987495419354199822e-01,3.025000000000006573e-01
5.780000000000000249e+00,9.987798522826403236e-01,3.136000000000005450e-01
5.785000000000000142e+00,9.988101784114039594e-01,3.249000000000004107e-01
5.790000000000000036e+00,9.988405112215495985e-01,3.364000000000002544e-01
5.794999999999999929e+00,9.988708416129160605e-01,3.480999999999996319e-01
5.799999999999999822e+00,9.989011604853419435e-01,3.599999999999994316e-01
5.804999999999999716e+00,9.989314587386661781e-01,3.720999999999992092e-01
5.810000000000000497e+00,9.989617272727272512e-01,3.844000000000011852e-01
5.815000000000000391e+00,9.989919569873642047e-01,3.969000000000009187e-01
5.820000000000000284e+00,9.990221387824156363e-01,4.096000000000006303e-01
5.825000000000000178e+00,9.990522635577203658e-01,4.225000000000003197e-01
5.830000000000000071e+00,9.990823222131168801e-01,4.355999999999999872e-01
5.834999999999999964e+00,9.991123056484443321e-01,4.489000000000000767e-01
5.839999999999999858e+00,9.991422047635412085e-01,4.623999999999997002e-01
5.844999999999999751e+00,9.991720104582463291e-01,4.760999999999993015e-01
5.850000000000000533e+00,9.992017136323985138e-01,4.900000000000015454e-01
5.855000000000000426e+00,9.992313051858363604e-01,5.041000000000011028e-01
5.860000000000000320e+00,9.992607760183986887e-01,5.184000000000010822e-01
5.865000000000000213e+00,9.992901170299240965e-01,5.329000000000005954e-01
5.870000000000000107e+00,9.993193191202516257e-01,5.476000000000005308e-01
5.875000000000000000e+00,9.993483731892198740e-01,5.625000000000000000e-01
5.879999999999999893e+00,9.993772701366676614e-01,5.775999999999998913e-01
5.884999999999999787e+00,9.994060008624335856e-01,5.928999999999993165e-01
5.889999999999999680e+00,9.994345562663564664e-01,6.083999999999991637e-01
5.895000000000000462e+00,9.994629272482751237e-01,6.241000000000016534e-01
5.900000000000000355e+00,9.994911047080281552e-01,6.400000000000010125e-01
5.905000000000000249e+00,9.995190795454546029e-01,6.561000000000007937e-01
5.910000000000000142e+00,9.995468426603928425e-01,6.724000000000005528e-01
5.915000000000000036e+00,9.995743849526818048e-01,6.889000000000002899e-01
5.919999999999999929e+00,9.996016973221601987e-01,7.055999999999995609e-01
5.924999999999999822e+00,9.996287706686668439e-01,7.224999999999992539e-01
5.929999999999999716e+00,9.996555958920404494e-01,7.395999999999989249e-01
5.935000000000000497e+00,9.996821638921198350e-01,7.569000000000016826e-01
5.940000000000000391e+00,9.997084655687435983e-01,7.744000000000013095e-01
5.945000000000000284e+00,9.997344918217505594e-01,7.921000000000009145e-01
5.950000000000000178e+00,9.997602335509794269e-01,8.100000000000004974e-01
5.955000000000000071e+00,9.997856816562690208e-01,8.281000000000000583e-01
5.959999999999999964e+00,9.998108270374581608e-01,8.464000000000000412e-01
5.964999999999999858e+00,9.998356605943853337e-01,8.648999999999995580e-01
5.969999999999999751e+00,9.998601732268894704e-01,8.835999999999990528e-01
5.975000000000000533e+00,9.998843558348092797e-01,9.025000000000020783e-01
5.980000000000000426e+00,9.999081993179835814e-01,9.216000000000015291e-01
5.985000000000000320e+00,9.999316945762509734e-01,9.409000000000014019e-01
5.990000000000000213e+00,9.999548325094504975e-01,9.604000000000008086e-01
5.995000000000000107e+00,9.999776040174205294e-01,9.801000000000006374e-01
6.000000000000000000e+00,1.000000000000000000e+00,1.000000000000000000e+00
6.004999999999999893e+00,1.000022013280155386e+00,1.019899999999999585e+00
6.009999999999999787e+00,1.000043644373364460e+00,1.039599999999999191e+00
6.015000000000000568e+00,1.000064895718231872e+00,1.059100000000002151e+00
6.020000000000000462e+00,1.000085769753363829e+00,1.078400000000001802e+00
6.025000000000000355e+00,1.000106268917364982e+00,1.097500000000001252e+00
6.030000000000000249e+00,1.000126395648840871e+00,1.116400000000000947e+00
6.035000000000000142e+00,1.000146152386396592e+00,1.135100000000000442e+00
6.040000000000000036e+00,1.000165541568637906e+00,1.153600000000000181e+00
6.044999999999999929e+00,1.000184565634169465e+00,1.171899999999999720e+00
6.049999999999999822e+00,1.000203227021597252e+00,1.189999999999999281e+00
6.054999999999999716e+00,1.000221528169525920e+00,1.207899999999999086e+00
6.060000000000000497e+00,1.000239471516561451e+00,1.225600000000001799e+00
6.065000000000000391e+00,1.000257059501308499e+00,1.243100000000001426e+00
6.070000000000000284e+00,1.000274294562372823e+00,1.260400000000001075e+00
6.075000000000000178e+00,1.000291179138359521e+00,1.277500000000000524e+00
6.080000000000000071e+00,1.000307715667873909e+00,1.294400000000000217e+00
6.084999999999999964e+00,1.000323906589521306e+00,1.311099999999999932e+00
6.089999999999999858e+00,1.000339754341907028e+00,1.327599999999999447e+00
6.094999999999999751e+00,1.000355261363636394e+00,1.343899999999999206e+00
6.100000000000000533e+00,1.000370430093314500e+00,1.360000000000001652e+00
6.105000000000000426e+00,1.000385262969547107e+00,1.375900000000001455e+00
6.110000000000000320e+00,1.000399762430939310e+00,1.391600000000001058e+00
6.115000000000000213e+00,1.000413930916096206e+00,1.407100000000000684e+00
6.120000000000000107e+00,1.000427770863623111e+00,1.422400000000000331e+00
6.125000000000000000e+00,1.000441284712125567e+00,1.437500000000000000e+00
6.129999999999999893e+00,1.000454474900208890e+00,1.452399999999999691e+00
6.134999999999999787e+00,1.000467343866478176e+00,1.467099999999999405e+00
6.140000000000000568e+00,1.000479894049538743e+00,1.481600000000001582e+00
6.145000000000000462e+00,1.000492127887995908e+00,1.495900000000001340e+00
6.150000000000000355e+00,1.000504047820455211e+00,1.510000000000000897e+00
6.155000000000000249e+00,1.000515656285521748e+00,1.523900000000000698e+00
6.160000000000000142e+00,1.000526955721800615e+00,1.537600000000000300e+00
6.165000000000000036e+00,1.000537948567897573e+00,1.551100000000000145e+00
6.169999999999999929e+00,1.000548637262417717e+00,1.564399999999999791e+00
6.174999999999999822e+00,1.000559024243966366e+00,1.577499999999999458e+00
6.179999999999999716e+00,1.000569111951148615e+00,1.590399999999999370e+00
6.185000000000000497e+00,1.000578902822570004e+00,1.603100000000001302e+00
6.190000000000000391e+00,1.000588399296835851e+00,1.615600000000001035e+00
6.195000000000000284e+00,1.000597603812551251e+00,1.627900000000000791e+00
6.200000000000000178e+00,1.000606518808321743e+00,1.640000000000000346e+00
6.205000000000000071e+00,1.000615146722752424e+00,1.651900000000000146e+00
6.209999999999999964e+00,1.000623489994448612e+00,1.663599999999999968e+00
6.214999999999999858e+00,1.000631551062015845e+00,1.675099999999999589e+00
6.219999999999999751e+00,1.000639332364059220e+00,1.686399999999999455e+00
6.225000000000000533e+00,1.000646836339184276e+00,1.697500000000001119e+00
6.230000000000000426e+00,1.000654065425995887e+00,1.708400000000001029e+00
6.235000000000000320e+00,1.000661022063099814e+00,1.719100000000000739e+00
6.240000000000000213e+00,1.000667708689100932e+00,1.729600000000000470e+00
6.245000000000000107e+00,1.000674127742604780e+00,1.739900000000000224e+00
6.250000000000000000e+00,1.000680281662216897e+00,1.750000000000000000e+00
6.254999999999999893e+00,1.000686172886542158e+00,1.759899999999999798e+00
6.259999999999999787e+00,1.000691803854185880e+00,1.769599999999999618e+00
6.265000000000000568e+00,1.000697177003753602e+00,1.779100000000001014e+00
6.270000000000000462e+00,1.000702294773850642e+00,1.788400000000000878e+00
6.275000000000000355e+00,1.000707159603082319e+00,1.797500000000000764e+00
6.280000000000000249e+00,1.000711773930053727e+00,1.806400000000000450e+00
6.285000000000000142e+00,1.000716140193370185e+00,1.815100000000000158e+00
6.290000000000000036e+00,1.000720260831637232e+00,1.823600000000000110e+00
6.294999999999999929e+00,1.000724138283459741e+00,1.831899999999999862e+00
6.299999999999999822e+00,1.000727774987443475e+00,1.839999999999999636e+00
6.304999999999999716e+00,1.000731173382193528e+00,1.847899999999999654e+00
6.310000000000000497e+00,1.000734335906315220e+00,1.855600000000000804e+00
6.315000000000000391e+00,1.000737264998413867e+00,1.863100000000000644e+00
6.320000000000000284e+00,1.000739963097094787e+00,1.870400000000000507e+00
6.325000000000000178e+00,1.000742432640963298e+00,1.877500000000000169e+00
6.330000000000000071e+00,1.000744676068624495e+00,1.884400000000000075e+00
6.334999999999999964e+00,1.000746695818684140e+00,1.891100000000000003e+00
6.339999999999999858e+00,1.000748494329747107e+00,1.897599999999999731e+00
6.344999999999999751e+00,1.000750074040418713e+00,1.903899999999999704e+00
6.350000000000000533e+00,1.000751437389304499e+00,1.910000000000000586e+00
6.355000000000000426e+00,1.000752586815009559e+00,1.915900000000000603e+00
6.360000000000000320e+00,1.000753524756139434e+00,1.921600000000000197e+00
6.365000000000000213e+00,1.000754253651299219e+00,1.927100000000000257e+00
6.370000000000000107e+00,1.000754775939094454e+00,1.932400000000000118e+00
6.375000000000000000e+00,1.000755094058130013e+00,1.937500000000000000e+00
6.379999999999999893e+00,1.000755210447011434e+00,1.942399999999999904e+00
6.384999999999999787e+00,1.000755127544344258e+00,1.947099999999999831e+00
6.390000000000000568e+00,1.000754847788733581e+00,1.951600000000000446e+00
6.395000000000000462e+00,1.000754373618784498e+00,1.955900000000000416e+00
6.400000000000000355e+00,1.000753707473102772e+00,1.960000000000000409e+00
6.405000000000000249e+00,1.000752851790293052e+00,1.963900000000000201e+00
6.410000000000000142e+00,1.000751809008961324e+00,1.967600000000000016e+00
6.415000000000000036e+00,1.000750581567712683e+00,1.971100000000000074e+00
6.419999999999999929e+00,1.000749171905152224e+00,1.974399999999999933e+00
6.424999999999999822e+00,1.000747582459885265e+00,1.977500000000000036e+00
6.429999999999999716e+00,1.000745815670517347e+00,1.980399999999999938e+00
6.435000000000000497e+00,1.000743873975653564e+00,1.983100000000000307e+00
6.440000000000000391e+00,1.000741759813899456e+00,1.985600000000000254e+00
6.445000000000000284e+00,1.000739475623860120e+00,1.987900000000000222e+00
6.450000000000000178e+00,1.000737023844140872e+00,1.990000000000000213e+00
6.455000000000000071e+00,1.000734406913347030e+00,1.991900000000000004e+00
6.459999999999999964e+00,1.000731627270083690e+00,1.993600000000000039e+00
6.464999999999999858e+00,1.000728687352956836e+00,1.995099999999999874e+00
6.469999999999999751e+00,1.000725589600571119e+00,1.996399999999999952e+00
6.475000000000000533e+00,1.000722336451531858e+00,1.997500000000000053e+00
6.480000000000000426e+00,1.000718930344444813e+00,1.998400000000000176e+00
6.485000000000000320e+00,1.000715373717914858e+00,1.999099999999999877e+00
6.490000000000000213e+00,1.000711669010547533e+00,1.999600000000000044e+00
6.495000000000000107e+00,1.000707818660947934e+00,1.999900000000000011e+00
6.500000000000000000e+00,1.000703825107721601e+00,2.000000000000000000e+00
6.504999999999999893e+00,1.000699690789473628e+00,1.999900000000000011e+00
6.509999999999999787e+00,1.000695418144809556e+00,1.999600000000000044e+00
6.515000000000000568e+00,1.000691009612334481e+00,1.999099999999999877e+00
6.520000000000000462e+00,1.000686467630653720e+00,1.998399999999999954e+00
6.525000000000000355e+00,1.000681794638372590e+00,1.997499999999999831e+00
6.530000000000000249e+00,1.000676993074096632e+00,1.996399999999999952e+00
6.535000000000000142e+00,1.000672065376430719e+00,1.995099999999999874e+00
6.540000000000000036e+00,1.000667013983980613e+00,1.993600000000000039e+00
6.544999999999999929e+00,1.000661841335351188e+00,1.991900000000000004e+00
6.549999999999999822e+00,1.000656549869147982e+00,1.989999999999999991e+00
6.554999999999999716e+00,1.000651142023976314e+00,1.987900000000000222e+00
6.560000000000000497e+00,1.000645620238441502e+00,1.985599999999999810e+00
6.565000000000000391e+00,1.000639986951148641e+00,1.983099999999999863e+00
6.570000000000000284e+00,1.000634244600703049e+00,1.980399999999999938e+00
6.575000000000000178e+00,1.000628395625710487e+00,1.977499999999999813e+00
6.580000000000000071e+00,1.000622442464775608e+00,1.974399999999999933e+00
6.584999999999999964e+00,1.000616387556504172e+00,1.971100000000000074e+00
6.589999999999999858e+00,1.000610233339501498e+00,1.967600000000000016e+00
6.594999999999999751e+00,1.000603982252372459e+00,1.963900000000000201e+00
6.600000000000000533e+00,1.000597636733722817e+00,1.959999999999999520e+00
6.605000000000000426e+00,1.000591199222157446e+00,1.955899999999999750e+00
6.610000000000000320e+00,1.000584672156282107e+00,1.951599999999999779e+00
6.615000000000000213e+00,1.000578057974701895e+00,1.947099999999999831e+00
6.620000000000000107e+00,1.000571359116022130e+00,1.942399999999999904e+00
6.625000000000000000e+00,1.000564578018847905e+00,1.937500000000000000e+00
6.629999999999999893e+00,1.000557717121784762e+00,1.932400000000000118e+00
6.634999999999999787e+00,1.000550778863438017e+00,1.927100000000000257e+00
6.640000000000000568e+00,1.000543765682412989e+00,1.921599999999999309e+00
6.645000000000000462e+00,1.000536680017314772e+00,1.915899999999999492e+00
6.650000000000000355e+00,1.000529524306748907e+00,1.909999999999999476e+00
6.655000000000000249e+00,1.000522300989320268e+00,1.903899999999999704e+00
6.660000000000000142e+00,1.000515012503634615e+00,1.897599999999999731e+00
6.665000000000000036e+00,1.000507661288297268e+00,1.891100000000000003e+00
6.669999999999999929e+00,1.000500249781913320e+00,1.884400000000000075e+00
6.674999999999999822e+00,1.000492780423088091e+00,1.877500000000000169e+00
6.679999999999999716e+00,1.000485255650426897e+00,1.870400000000000507e+00
6.685000000000000497e+00,1.000477677902535056e+00,1.863099999999999312e+00
6.690000000000000391e+00,1.000470049618017887e+00,1.855599999999999472e+00
6.695000000000000284e+00,1.000462373235480706e+00,1.847899999999999654e+00
6.700000000000000178e+00,1.000454651193528832e+00,1.839999999999999636e+00
6.705000000000000071e+00,1.000446885930767360e+00,1.831899999999999862e+00
6.709999999999999964e+00,1.000439079885801830e+00,1.823599999999999888e+00
6.714999999999999858e+00,1.000431235497237559e+00,1.815100000000000158e+00
6.719999999999999751e+00,1.000423355203679643e+00,1.806400000000000450e+00
6.725000000000000533e+00,1.000415441443733622e+00,1.797499999999998987e+00
6.730000000000000426e+00,1.000407496656004591e+00,1.788399999999999324e+00
6.735000000000000320e+00,1.000399523279098091e+00,1.779099999999999238e+00
6.740000000000000213e+00,1.000391523751619216e+00,1.769599999999999618e+00
6.745000000000000107e+00,1.000383500512173285e+00,1.759899999999999576e+00
6.750000000000000000e+00,1.000375455999365615e+00,1.750000000000000000e+00
6.754999999999999893e+00,1.000367392651801524e+00,1.739900000000000002e+00
6.759999999999999787e+00,1.000359312908086329e+00,1.729600000000000470e+00
6.765000000000000568e+00,1.000351219206825348e+00,1.719099999999998740e+00
6.770000000000000462e+00,1.000343113986624122e+00,1.708399999999998808e+00
6.775000000000000355e+00,1.000334999686087301e+00,1.697499999999999343e+00
6.780000000000000249e+00,1.000326878743820869e+00,1.686399999999999455e+00
6.785000000000000142e+00,1.000318753598429700e+00,1.675099999999999589e+00
6.790000000000000036e+00,1.000310626688519333e+00,1.663599999999999746e+00
6.794999999999999929e+00,1.000302500452695087e+00,1.651900000000000368e+00
6.799999999999999822e+00,1.000294377329562057e+00,1.640000000000000568e+00
6.804999999999999716e+00,1.000286259757725560e+00,1.627900000000000791e+00
6.810000000000000497e+00,1.000278150175791136e+00,1.615599999999998815e+00
6.815000000000000391e+00,1.000270051022363882e+00,1.603099999999999081e+00
6.820000000000000284e+00,1.000261964736049114e+00,1.590399999999999370e+00
6.825000000000000178e+00,1.000253893755452150e+00,1.577499999999999680e+00
6.830000000000000071e+00,1.000245840519178309e+00,1.564400000000000013e+00
6.834999999999999964e+00,1.000237807465833129e+00,1.551099999999999923e+00
6.839999999999999858e+00,1.000229797034021484e+00,1.537600000000000300e+00
6.844999999999999751e+00,1.000221811662348914e+00,1.523900000000000698e+00
6.850000000000000533e+00,1.000213853789420959e+00,1.509999999999998455e+00
6.855000000000000426e+00,1.000205925853842270e+00,1.495899999999998897e+00
6.860000000000000320e+00,1.000198030294218832e+00,1.481599999999998918e+00
6.865000000000000213e+00,1.000190169549155517e+00,1.467099999999999405e+00
6.870000000000000107e+00,1.000182346057257643e+00,1.452399999999999469e+00
6.875000000000000000e+00,1.000174562257130750e+00,1.437500000000000000e+00
6.879999999999999893e+00,1.000166820587380156e+00,1.422400000000000109e+00
6.884999999999999787e+00,1.000159123486610735e+00,1.407100000000000684e+00
6.890000000000000568e+00,1.000151473393428248e+00,1.391599999999998172e+00
6.895000000000000462e+00,1.000143872746438012e+00,1.375899999999998347e+00
6.900000000000000355e+00,1.000136323984244902e+00,1.359999999999998987e+00
6.905000000000000249e+00,1.000128829545454678e+00,1.343899999999999206e+00
6.910000000000000142e+00,1.000121391868672216e+00,1.327599999999999447e+00
6.915000000000000036e+00,1.000114013392503054e+00,1.311099999999999710e+00
6.919999999999999929e+00,1.000106696555552732e+00,1.294400000000000439e+00
6.924999999999999822e+00,1.000099443796426124e+00,1.277500000000000746e+00
6.929999999999999716e+00,1.000092257553728547e+00,1.260400000000001075e+00
6.935000000000000497e+00,1.000085140266065764e+00,1.243099999999998317e+00
6.940000000000000391e+00,1.000078094372042647e+00,1.225599999999998690e+00
6.945000000000000284e+00,1.000071122310264737e+00,1.207899999999999086e+00
6.950000000000000178e+00,1.000064226519337129e+00,1.189999999999999503e+00
6.955000000000000071e+00,1.000057409437865141e+00,1.171899999999999942e+00
6.959999999999999964e+00,1.000050673504454313e+00,1.153599999999999959e+00
6.964999999999999858e+00,1.000044021157709739e+00,1.135100000000000442e+00
6.969999999999999751e+00,1.000037454836236739e+00,1.116400000000000947e+00
6.975000000000000533e+00,1.000030976978640851e+00,1.097499999999997922e+00
6.980000000000000426e+00,1.000024590023526949e+00,1.078399999999998471e+00
6.985000000000000320e+00,1.000018296409500573e+00,1.059099999999998598e+00
6.990000000000000213e+00,1.000012098575167263e+00,1.039599999999999191e+00
6.995000000000000107e+00,1.000005998959131892e+00,1.019899999999999363e+00
7.000000000000000000e+00,1.000000000000000000e+00,1.000000000000000000e+00
7.004999999999999893e+00,9.999941036208993550e-01,9.801000000000004153e-01
7.009999999999999787e+00,9.999883096830474161e-01,9.604000000000008086e-01
7.015000000000000568e+00,9.999826175321844257e-01,9.408999999999978492e-01
7.020000000000000462e+00,9.999770265140500713e-01,9.215999999999981984e-01
7.025000000000000355e+00,9.999715359743847065e-01,9.024999999999986366e-01
7.030000000000000249e+00,9.999661452589283517e-01,8.835999999999990528e-01
7.035000000000000142e+00,9.999608537134209163e-01,8.648999999999994470e-01
7.040000000000000036e+00,9.999556606836025319e-01,8.463999999999998192e-01
7.044999999999999929e+00,9.999505655152132189e-01,8.281000000000002803e-01
7.049999999999999822e+00,9.999455675539929977e-01,8.100000000000006084e-01
7.054999999999999716e+00,9.999406661456818890e-01,7.921000000000010255e-01
7.060000000000000497e+00,9.999358606360200241e-01,7.743999999999982009e-01
7.065000000000000391e+00,9.999311503707473126e-01,7.568999999999986850e-01
7.070000000000000284e+00,9.999265346956039968e-01,7.395999999999990360e-01
7.075000000000000178e+00,9.999220129563298753e-01,7.224999999999993650e-01
7.080000000000000071e+00,9.999175844986650796e-01,7.055999999999997829e-01
7.084999999999999964e+00,9.999132486683497412e-01,6.889000000000000679e-01
7.089999999999999858e+00,9.999090048111237694e-01,6.724000000000004418e-01
7.094999999999999751e+00,9.999048522727272958e-01,6.561000000000007937e-01
7.100000000000000533e+00,9.999007903989003410e-01,6.399999999999983480e-01
7.105000000000000426e+00,9.998968185353829252e-01,6.240999999999986558e-01
7.110000000000000320e+00,9.998929360279151801e-01,6.083999999999990527e-01
7.115000000000000213e+00,9.998891422222369041e-01,5.928999999999993165e-01
7.120000000000000107e+00,9.998854364640883396e-01,5.775999999999996692e-01
7.125000000000000000e+00,9.998818180992096183e-01,5.625000000000000000e-01
7.129999999999999893e+00,9.998782864733405384e-01,5.476000000000003087e-01
7.134999999999999787e+00,9.998748409322213426e-01,5.329000000000005954e-01
7.140000000000000568e+00,9.998714808215919403e-01,5.183999999999984176e-01
7.145000000000000462e+00,9.998682054871924629e-01,5.040999999999986603e-01
7.150000000000000355e+00,9.998650142747627090e-01,4.899999999999989919e-01
7.155000000000000249e+00,9.998619065300430320e-01,4.760999999999993015e-01
7.160000000000000142e+00,9.998588815987734524e-01,4.623999999999995891e-01
7.165000000000000036e+00,9.998559388266937686e-01,4.488999999999999102e-01
7.169999999999999929e+00,9.998530775595443343e-01,4.356000000000002093e-01
7.174999999999999822e+00,9.998502971430648367e-01,4.225000000000004308e-01
7.179999999999999716e+00,9.998475969229956295e-01,4.096000000000007413e-01
7.185000000000000497e+00,9.998449762450765110e-01,3.968999999999987538e-01
7.190000000000000391e+00,9.998424344550477239e-01,3.843999999999990203e-01
7.195000000000000284e+00,9.998399708986491774e-01,3.720999999999993202e-01
7.200000000000000178e+00,9.998375849216210032e-01,3.599999999999995426e-01
7.205000000000000071e+00,9.998352758697032217e-01,3.480999999999998540e-01
7.209999999999999964e+00,9.998330430886357423e-01,3.364000000000000878e-01
7.214999999999999858e+00,9.998308859241586966e-01,3.249000000000002997e-01
7.219999999999999751e+00,9.998288037220122160e-01,3.136000000000005450e-01
7.225000000000000533e+00,9.998267958279362100e-01,3.024999999999988254e-01
7.230000000000000426e+00,9.998248615876708101e-01,2.915999999999990822e-01
7.235000000000000320e+00,9.998230003469560367e-01,2.808999999999993169e-01
7.240000000000000213e+00,9.998212114515319104e-01,2.703999999999995296e-01
7.245000000000000107e+00,9.998194942471384516e-01,2.600999999999997758e-01
7.250000000000000000e+00,9.998178480795156808e-01,2.500000000000000000e-01
7.254999999999999893e+00,9.998162722944037295e-01,2.401000000000002021e-01
7.259999999999999787e+00,9.998147662375426181e-01,2.304000000000003823e-01
7.265000000000000568e+00,9.998133292546723672e-01,2.208999999999989305e-01
7.270000000000000462e+00,9.998119606915329971e-01,2.115999999999991776e-01
7.275000000000000355e+00,9.998106598938645284e-01,2.024999999999993472e-01
7.280000000000000249e+00,9.998094262074070926e-01,1.935999999999995502e-01
7.285000000000000142e+00,9.998082589779004881e-01,1.848999999999997312e-01
7.290000000000000036e+00,9.998071575510851794e-01,1.763999999999999457e-01
7.294999999999999929e+00,9.998061212727008540e-01,1.681000000000001382e-01
7.299999999999999822e+00,9.998051494884876433e-01,1.600000000000003086e-01
7.304999999999999716e+00,9.998042415441856789e-01,1.521000000000004571e-01
7.310000000000000497e+00,9.998033967855348703e-01,1.443999999999992512e-01
7.315000000000000391e+00,9.998026145582754598e-01,1.368999999999994110e-01
7.320000000000000284e+00,9.998018942081472460e-01,1.295999999999996044e-01
7.325000000000000178e+00,9.998012350808902493e-01,1.224999999999997757e-01
7.330000000000000071e+00,9.998006365222448233e-01,1.155999999999999250e-01
7.334999999999999964e+00,9.998000978779507664e-01,1.089000000000000523e-01
7.339999999999999858e+00,9.997996184937482100e-01,1.024000000000001576e-01
7.344999999999999751e+00,9.997991977153770637e-01,9.610000000000029630e-02
7.350000000000000533e+00,9.997988348885775700e-01,8.999999999999935829e-02
7.355000000000000426e+00,9.997985293590896383e-01,8.409999999999950848e-02
7.360000000000000320e+00,9.997982804726531780e-01,7.839999999999969216e-02
7.365000000000000213e+00,9.997980875750085428e-01,7.289999999999974278e-02
7.370000000000000107e+00,9.997979500118956420e-01,6.759999999999988241e-02
7.375000000000000000e+00,9.997978671290544961e-01,6.250000000000000000e-02
7.379999999999999893e+00,9.997978382722250146e-01,5.760000000000009557e-02
7.384999999999999787e+00,9.997978627871473289e-01,5.290000000000016911e-02
7.390000000000000568e+00,9.997979400195617927e-01,4.839999999999955449e-02
7.395000000000000462e+00,9.997980693152078713e-01,4.409999999999958398e-02
7.400000000000000355e+00,9.997982500198260292e-01,3.999999999999970246e-02
7.405000000000000249e+00,9.997984814791561758e-01,3.609999999999979892e-02
7.410000000000000142e+00,9.997987630389384428e-01,3.239999999999987335e-02
7.415000000000000036e+00,9.997990940449126285e-01,2.889999999999992575e-02
7.419999999999999929e+00,9.997994738428190864e-01,2.560000000000006715e-02
7.424999999999999822e+00,9.997999017783975040e-01,2.250000000000007550e-02
7.429999999999999716e+00,9.998003771973882348e-01,1.960000000000017284e-02
7.435000000000000497e+00,9.998008994455311882e-01,1.689999999999969305e-02
7.440000000000000391e+00,9.998014678685664958e-01,1.439999999999985736e-02
7.445000000000000284e+00,9.998020818122339559e-01,1.209999999999988862e-02
7.450000000000000178e+00,9.998027406222738112e-01,9.999999999999897859e-03
7.455000000000000071e+00,9.998034436444263040e-01,8.099999999999996092e-03
7.459999999999999964e+00,9.998041902244310108e-01,6.399999999999961275e-03
7.464999999999999858e+00,9.998049797080281742e-01,4.900000000000015454e-03
7.469999999999999751e+00,9.998058114409580366e-01,3.600000000000047606e-03
7.475000000000000533e+00,9.998066847689602854e-01,2.499999999999946709e-03
7.480000000000000426e+00,9.998075990377752742e-01,1.599999999999934808e-03
7.485000000000000320e+00,9.998085535931429124e-01,9.000000000000119016e-04
7.490000000000000213e+00,9.998095477808031095e-01,3.999999999999559464e-04
7.495000000000000107e+00,9.998105809464959970e-01,9.999999999998898659e-05
7.500000000000000000e+00,9.998116524359619284e-01,0.000000000000000000e+00
7.504999999999999893e+00,9.998127615949403690e-01,9.999999999998898659e-05
7.509999999999999787e+00,9.998139077691718946e-01,3.999999999999559464e-04
7.515000000000000568e+00,9.998150903043961923e-01,9.000000000001229239e-04
7.520000000000000462e+00,9.998163085463533939e-01,1.600000000000045830e-03
7.525000000000000355e+00,9.998175618407835197e-01,2.500000000000168754e-03
7.530000000000000249e+00,9.998188495334268122e-01,3.600000000000047606e-03
7.535000000000000142e+00,9.998201709700229589e-01,4.900000000000126477e-03
7.540000000000000036e+00,9.998215254963124243e-01,6.399999999999961275e-03
7.544999999999999929e+00,9.998229124580348959e-01,8.099999999999996092e-03
7.549999999999999822e+00,9.998243312009305050e-01,1.000000000000000888e-02
7.554999999999999716e+00,9.998257810707393833e-01,1.209999999999977760e-02
7.560000000000000497e+00,9.998272614132015512e-01,1.440000000000019043e-02
7.565000000000000391e+00,9.998287715740570292e-01,1.690000000000013713e-02
7.570000000000000284e+00,9.998303108990457266e-01,1.960000000000006182e-02
7.575000000000000178e+00,9.998318787339078861e-01,2.250000000000018652e-02
7.580000000000000071e+00,9.998334744243835281e-01,2.560000000000006715e-02
7.584999999999999964e+00,9.998350973162124511e-01,2.889999999999992575e-02
7.589999999999999858e+00,9.998367467551350085e-01,3.239999999999998437e-02
7.594999999999999751e+00,9.998384220868909988e-01,3.609999999999979892e-02
7.600000000000000533e+00,9.998401226572206646e-01,4.000000000000047962e-02
7.605000000000000426e+00,9.998418478118640262e-01,4.410000000000025011e-02
7.610000000000000320e+00,9.998435968965608822e-01,4.840000000000022062e-02
7.615000000000000213e+00,9.998453692570514750e-01,5.290000000000016911e-02
7.620000000000000107e+00,9.998471642390758252e-01,5.760000000000009557e-02
7.625000000000000000e+00,9.998489811883739531e-01,6.250000000000000000e-02
7.629999999999999893e+00,9.998508194506859903e-01,6.759999999999988241e-02
7.634999999999999787e+00,9.998526783717518462e-01,7.289999999999974278e-02
7.640000000000000568e+00,9.998545572973116524e-01,7.840000000000069136e-02
7.645000000000000462e+00,9.998564555731053183e-01,8.410000000000050768e-02
7.650000000000000355e+00,9.998583725448730863e-01,9.000000000000052403e-02
7.655000000000000249e+00,9.998603075583547550e-01,9.610000000000029630e-02
7.660000000000000142e+00,9.998622599592905669e-01,1.024000000000002686e-01
7.665000000000000036e+00,9.998642290934204313e-01,1.088999999999999968e-01
7.669999999999999929e+00,9.998662143064844798e-01,1.155999999999999250e-01
7.674999999999999822e+00,9.998682149442227329e-01,1.224999999999998312e-01
7.679999999999999716e+00,9.998702303523752111e-01,1.295999999999994934e-01
7.685000000000000497e+00,9.998722598766818237e-01,1.369000000000006878e-01
7.690000000000000391e+00,9.998743028628829244e-01,1.444000000000005279e-01
7.695000000000000284e+00,9.998763586567184225e-01,1.521000000000003460e-01
7.700000000000000178e+00,9.998784266039282276e-01,1.600000000000003642e-01
7.705000000000000071e+00,9.998805060502524711e-01,1.681000000000001382e-01
7.709999999999999964e+00,9.998825963414312845e-01,1.764000000000001123e-01
7.714999999999999858e+00,9.998846968232044663e-01,1.848999999999998423e-01
7.719999999999999751e+00,9.998868068413122590e-01,1.935999999999995502e-01
7.725000000000000533e+00,9.998889257414946830e-01,2.025000000000010125e-01
7.730000000000000426e+00,9.998910528694916477e-01,2.116000000000006764e-01
7.735000000000000320e+00,9.998931875710433959e-01,2.209000000000007624e-01
7.740000000000000213e+00,9.998953291918898367e-01,2.304000000000003823e-01
7.745000000000000107e+00,9.998974770777711019e-01,2.401000000000004242e-01
7.750000000000000000e+00,9.998996305744271007e-01,2.500000000000000000e-01
7.754999999999999893e+00,9.999017890275978537e-01,2.600999999999999979e-01
7.759999999999999787e+00,9.999039517830236035e-01,2.703999999999995296e-01
7.765000000000000568e+00,9.999061181864442593e-01,2.809000000000012598e-01
7.770000000000000462e+00,9.999082875835999529e-01,2.916000000000011916e-01
7.775000000000000355e+00,9.999104593202305935e-01,3.025000000000006573e-01
7.780000000000000249e+00,9.999126327420762017e-01,3.136000000000005450e-01
7.785000000000000142e+00,9.999148071948769090e-01,3.249000000000004107e-01
7.790000000000000036e+00,9.999169820243728468e-01,3.364000000000002544e-01
7.794999999999999929e+00,9.999191565763039247e-01,3.480999999999996319e-01
7.799999999999999822e+00,9.999213301964101630e-01,3.599999999999994316e-01
7.805000000000000604e+00,9.999235022304316933e-01,3.721000000000014296e-01
7.810000000000000497e+00,9.999256720241085361e-01,3.844000000000011852e-01
7.815000000000000391e+00,9.999278389231807118e-01,3.969000000000009187e-01
7.820000000000000284e+00,9.999300022733881299e-01,4.096000000000006303e-01
7.825000000000000178e+00,9.999321614204710329e-01,4.225000000000003197e-01
7.830000000000000071e+00,9.999343157101694413e-01,4.355999999999999872e-01
7.834999999999999964e+00,9.999364644882233755e-01,4.489000000000000767e-01
7.839999999999999858e+00,9.999386071003727450e-01,4.623999999999997002e-01
7.844999999999999751e+00,9.999407428923577923e-01,4.760999999999993015e-01
7.850000000000000533e+00,9.999428712099184269e-01,4.900000000000015454e-01
7.855000000000000426e+00,9.999449913987945582e-01,5.041000000000011028e-01
7.860000000000000320e+00,9.999471028047265397e-01,5.184000000000010822e-01
7.865000000000000213e+00,9.999492047734542810e-01,5.329000000000005954e-01
7.870000000000000107e+00,9.999512966507178025e-01,5.476000000000005308e-01
7.875000000000000000e+00,9.999533777822571246e-01,5.625000000000000000e-01
7.879999999999999893e+00,9.999554475138122678e-01,5.775999999999998913e-01
7.884999999999999787e+00,9.999575051911232526e-01,5.928999999999993165e-01
7.890000000000000568e+00,9.999595501599302105e-01,6.084000000000018282e-01
7.895000000000000462e+00,9.999615817659732731e-01,6.241000000000016534e-01
7.900000000000000355e+00,9.999635993549922386e-01,6.400000000000010125e-01
7.905000000000000249e+00,9.999656022727273497e-01,6.561000000000007937e-01
7.910000000000000142e+00,9.999675898649185157e-01,6.724000000000005528e-01
7.915000000000000036e+00,9.999695614773058683e-01,6.889000000000002899e-01
7.919999999999999929e+00,9.999715164556293168e-01,7.055999999999995609e-01
7.924999999999999822e+00,9.999734541456289927e-01,7.224999999999992539e-01
7.930000000000000604e+00,9.999753738930450275e-01,7.396000000000020336e-01
7.935000000000000497e+00,9.999772750436173308e-01,7.569000000000016826e-01
7.940000000000000391e+00,9.999791569430860338e-01,7.744000000000013095e-01
7.945000000000000284e+00,9.999810189371911573e-01,7.921000000000009145e-01
7.950000000000000178e+00,9.999828603716726105e-01,8.100000000000004974e-01
7.955000000000000071e+00,9.999846805922705251e-01,8.281000000000000583e-01
7.959999999999999964e+00,9.999864789447249214e-01,8.464000000000000412e-01
7.964999999999999858e+00,9.999882547747760420e-01,8.648999999999995580e-01
7.969999999999999751e+00,9.999900074281636853e-01,8.835999999999990528e-01
7.975000000000000533e+00,9.999917362506278717e-01,9.025000000000020783e-01
7.980000000000000426e+00,9.999934405879088439e-01,9.216000000000015291e-01
7.985000000000000320e+00,9.999951197857464003e-01,9.409000000000014019e-01
7.990000000000000213e+00,9.999967731898807832e-01,9.604000000000008086e-01
7.995000000000000107e+00,9.999984001460520133e-01,9.801000000000006374e-01
8.000000000000000000e+00,1.000000000000000000e+00,1.000000000000000000e+00
8.005000000000000782e+00,1.000001572236247416e+00,1.019900000000003137e+00
8.009999999999999787e+00,1.000003116894446098e+00,1.039599999999999191e+00
8.015000000000000568e+00,1.000004634153030647e+00,1.059100000000002151e+00
8.019999999999999574e+00,1.000006124190436108e+00,1.078399999999998471e+00
8.025000000000000355e+00,1.000007587185096192e+00,1.097500000000001252e+00
8.029999999999999361e+00,1.000009023315445944e+00,1.116399999999997616e+00
8.035000000000000142e+00,1.000010432759919743e+00,1.135100000000000442e+00
8.040000000000000924e+00,1.000011815696951967e+00,1.153600000000003289e+00
8.044999999999999929e+00,1.000013172304977660e+00,1.171899999999999720e+00
8.050000000000000711e+00,1.000014502762430979e+00,1.190000000000002611e+00
8.054999999999999716e+00,1.000015807247746524e+00,1.207899999999999086e+00
8.060000000000000497e+00,1.000017085939358674e+00,1.225600000000001799e+00
8.064999999999999503e+00,1.000018339015702251e+00,1.243099999999998317e+00
8.070000000000000284e+00,1.000019566655211634e+00,1.260400000000001075e+00
8.074999999999999289e+00,1.000020769036321422e+00,1.277499999999997637e+00
8.080000000000000071e+00,1.000021946337465995e+00,1.294400000000000217e+00
8.085000000000000853e+00,1.000023098737080174e+00,1.311100000000002819e+00
8.089999999999999858e+00,1.000024226413598116e+00,1.327599999999999447e+00
8.095000000000000639e+00,1.000025329545454644e+00,1.343900000000002093e+00
8.099999999999999645e+00,1.000026408311084136e+00,1.359999999999998765e+00
8.105000000000000426e+00,1.000027462888921193e+00,1.375900000000001455e+00
8.109999999999999432e+00,1.000028493457400414e+00,1.391599999999998172e+00
8.115000000000000213e+00,1.000029500194956178e+00,1.407100000000000684e+00
8.120000000000000995e+00,1.000030483280023308e+00,1.422400000000002995e+00
8.125000000000000000e+00,1.000031442891035960e+00,1.437500000000000000e+00
8.130000000000000782e+00,1.000032379206428956e+00,1.452400000000002356e+00
8.134999999999999787e+00,1.000033292404636676e+00,1.467099999999999405e+00
8.140000000000000568e+00,1.000034182664093718e+00,1.481600000000001582e+00
8.144999999999999574e+00,1.000035050163234462e+00,1.495899999999998897e+00
8.150000000000000355e+00,1.000035895080493731e+00,1.510000000000000897e+00
8.154999999999999361e+00,1.000036717594305902e+00,1.523899999999998256e+00
8.160000000000000142e+00,1.000037517883105576e+00,1.537600000000000300e+00
8.165000000000000924e+00,1.000038296125327131e+00,1.551100000000002588e+00
8.169999999999999929e+00,1.000039052499405390e+00,1.564399999999999791e+00
8.175000000000000711e+00,1.000039787183774287e+00,1.577500000000001901e+00
8.179999999999999716e+00,1.000040500356869089e+00,1.590399999999999370e+00
8.185000000000000497e+00,1.000041192197123952e+00,1.603100000000001302e+00
8.189999999999999503e+00,1.000041862882973476e+00,1.615599999999998815e+00
8.195000000000000284e+00,1.000042512592852262e+00,1.627900000000000791e+00
8.199999999999999289e+00,1.000043141505194466e+00,1.639999999999998348e+00
8.205000000000000071e+00,1.000043749798435133e+00,1.651900000000000146e+00
8.210000000000000853e+00,1.000044337651008419e+00,1.663600000000001966e+00
8.214999999999999858e+00,1.000044905241349147e+00,1.675099999999999589e+00
8.220000000000000639e+00,1.000045452747891916e+00,1.686400000000001453e+00
8.224999999999999645e+00,1.000045980349070884e+00,1.697499999999999343e+00
8.230000000000000426e+00,1.000046488223320873e+00,1.708400000000001029e+00
8.234999999999999432e+00,1.000046976549076039e+00,1.719099999999998740e+00
8.240000000000000213e+00,1.000047445504771426e+00,1.729600000000000470e+00
8.245000000000000995e+00,1.000047895268841414e+00,1.739900000000002001e+00
8.250000000000000000e+00,1.000048326019720379e+00,1.750000000000000000e+00
8.255000000000000782e+00,1.000048737935842924e+00,1.759900000000001574e+00
8.259999999999999787e+00,1.000049131195643648e+00,1.769599999999999618e+00
8.265000000000000568e+00,1.000049505977556930e+00,1.779100000000001014e+00
8.269999999999999574e+00,1.000049862460017369e+00,1.788399999999999324e+00
8.275000000000000355e+00,1.000050200821459789e+00,1.797500000000000764e+00
8.279999999999999361e+00,1.000050521240318346e+00,1.806399999999998895e+00
8.285000000000000142e+00,1.000050823895027641e+00,1.815100000000000158e+00
8.290000000000000924e+00,1.000051108964022273e+00,1.823600000000001664e+00
8.294999999999999929e+00,1.000051376625736843e+00,1.831899999999999862e+00
8.300000000000000711e+00,1.000051627058605952e+00,1.840000000000001190e+00
8.304999999999999716e+00,1.000051860441063756e+00,1.847899999999999654e+00
8.310000000000000497e+00,1.000052076951545077e+00,1.855600000000000804e+00
8.314999999999999503e+00,1.000052276768484516e+00,1.863099999999999312e+00
8.320000000000000284e+00,1.000052460070316451e+00,1.870400000000000507e+00
8.324999999999999289e+00,1.000052627035475483e+00,1.877499999999999059e+00
8.330000000000000071e+00,1.000052777842395990e+00,1.884400000000000075e+00
8.335000000000000853e+00,1.000052912669512795e+00,1.891100000000001113e+00
8.339999999999999858e+00,1.000053031695260275e+00,1.897599999999999731e+00
8.345000000000000639e+00,1.000053135098072810e+00,1.903900000000000814e+00
8.349999999999999645e+00,1.000053223056385443e+00,1.909999999999999698e+00
8.355000000000000426e+00,1.000053295748632110e+00,1.915900000000000603e+00
8.359999999999999432e+00,1.000053353353247632e+00,1.921599999999999309e+00
8.365000000000000213e+00,1.000053396048666388e+00,1.927100000000000257e+00
8.370000000000000995e+00,1.000053424013323200e+00,1.932400000000001006e+00
8.375000000000000000e+00,1.000053437425652225e+00,1.937500000000000000e+00
8.380000000000000782e+00,1.000053436464088286e+00,1.942400000000000793e+00
8.384999999999999787e+00,1.000053421307066204e+00,1.947099999999999831e+00
8.390000000000000568e+00,1.000053392133019692e+00,1.951600000000000446e+00
8.394999999999999574e+00,1.000053349120383794e+00,1.955899999999999750e+00
8.400000000000000355e+00,1.000053292447593112e+00,1.960000000000000409e+00
8.404999999999999361e+00,1.000053222293082023e+00,1.963899999999999535e+00
8.410000000000000142e+00,1.000053138835285127e+00,1.967600000000000016e+00
8.415000000000000924e+00,1.000053042252636804e+00,1.971100000000000740e+00
8.419999999999999929e+00,1.000052932723571875e+00,1.974399999999999933e+00
8.425000000000000711e+00,1.000052810426524719e+00,1.977500000000000480e+00
8.429999999999999716e+00,1.000052675539929714e+00,1.980399999999999938e+00
8.435000000000000497e+00,1.000052528242221683e+00,1.983100000000000307e+00
8.439999999999999503e+00,1.000052368711834783e+00,1.985599999999999810e+00
8.445000000000000284e+00,1.000052197127204057e+00,1.987900000000000222e+00
8.449999999999999289e+00,1.000052013666763662e+00,1.989999999999999769e+00
8.455000000000000071e+00,1.000051818508948198e+00,1.991900000000000004e+00
8.460000000000000853e+00,1.000051611832192267e+00,1.993600000000000261e+00
8.464999999999999858e+00,1.000051393814930467e+00,1.995099999999999874e+00
8.470000000000000639e+00,1.000051164635597178e+00,1.996400000000000174e+00
8.474999999999999645e+00,1.000050924472626779e+00,1.997500000000000053e+00
8.480000000000000426e+00,1.000050673504454313e+00,1.998400000000000176e+00
8.484999999999999432e+00,1.000050411909513937e+00,1.999099999999999877e+00
8.490000000000000213e+00,1.000050139866240251e+00,1.999600000000000044e+00
8.495000000000000995e+00,1.000049857553067856e+00,1.999900000000000011e+00
8.500000000000000000e+00,1.000049565148431130e+00,2.000000000000000000e+00
8.505000000000000782e+00,1.000049262830764674e+00,1.999900000000000011e+00
8.509999999999999787e+00,1.000048950778503309e+00,1.999600000000000044e+00
8.515000000000000568e+00,1.000048629170081194e+00,1.999099999999999877e+00
8.519999999999999574e+00,1.000048298183932927e+00,1.998400000000000176e+00
8.525000000000000355e+00,1.000047957998493331e+00,1.997499999999999831e+00
8.529999999999999361e+00,1.000047608792196563e+00,1.996400000000000174e+00
8.535000000000000142e+00,1.000047250743477223e+00,1.995099999999999874e+00
8.540000000000000924e+00,1.000046884030770133e+00,1.993599999999999595e+00
8.544999999999999929e+00,1.000046508832509451e+00,1.991900000000000004e+00
8.550000000000000711e+00,1.000046125327129998e+00,1.989999999999999769e+00
8.554999999999999716e+00,1.000045733693066152e+00,1.987900000000000222e+00
8.560000000000000497e+00,1.000045334108752737e+00,1.985599999999999810e+00
8.564999999999999503e+00,1.000044926752623686e+00,1.983100000000000307e+00
8.570000000000000284e+00,1.000044511803114045e+00,1.980399999999999938e+00
8.575000000000001066e+00,1.000044089438658190e+00,1.977499999999999369e+00
8.580000000000000071e+00,1.000043659837690724e+00,1.974399999999999933e+00
8.585000000000000853e+00,1.000043223178646024e+00,1.971099999999999408e+00
8.589999999999999858e+00,1.000042779639958912e+00,1.967600000000000016e+00
8.595000000000000639e+00,1.000042329400063323e+00,1.963899999999999535e+00
8.599999999999999645e+00,1.000041872637394746e+00,1.960000000000000187e+00
8.605000000000000426e+00,1.000041409530386671e+00,1.955899999999999750e+00
8.609999999999999432e+00,1.000040940257474364e+00,1.951600000000000446e+00
8.615000000000000213e+00,1.000040464997092204e+00,1.947099999999999831e+00
8.620000000000000995e+00,1.000039983927674569e+00,1.942399999999999016e+00
8.625000000000000000e+00,1.000039497227656060e+00,1.937500000000000000e+00
8.630000000000000782e+00,1.000039005075471277e+00,1.932399999999999229e+00
8.634999999999999787e+00,1.000038507649554598e+00,1.927100000000000257e+00
8.640000000000000568e+00,1.000038005128340846e+00,1.921599999999999309e+00
8.644999999999999574e+00,1.000037497690263955e+00,1.915900000000000603e+00
8.650000000000000355e+00,1.000036985513759191e+00,1.909999999999999476e+00
8.654999999999999361e+00,1.000036468777260934e+00,1.903900000000000814e+00
8.660000000000000142e+00,1.000035947659203339e+00,1.897599999999999731e+00
8.665000000000000924e+00,1.000035422338021007e+00,1.891099999999998671e+00
8.669999999999999929e+00,1.000034892992148761e+00,1.884400000000000075e+00
8.675000000000000711e+00,1.000034359800021200e+00,1.877499999999999059e+00
8.679999999999999716e+00,1.000033822940072481e+00,1.870400000000000507e+00
8.685000000000000497e+00,1.000033282590737205e+00,1.863099999999999312e+00
8.689999999999999503e+00,1.000032738930450193e+00,1.855600000000000804e+00
8.695000000000000284e+00,1.000032192137645826e+00,1.847899999999999654e+00
8.700000000000001066e+00,1.000031642390758480e+00,1.839999999999998304e+00
8.705000000000000071e+00,1.000031089868222756e+00,1.831899999999999862e+00
8.710000000000000853e+00,1.000030534748473476e+00,1.823599999999998555e+00
8.714999999999999858e+00,1.000029977209944798e+00,1.815100000000000158e+00
8.720000000000000639e+00,1.000029417431071543e+00,1.806399999999998673e+00
8.724999999999999645e+00,1.000028855590287868e+00,1.797500000000000764e+00
8.730000000000000426e+00,1.000028291866028818e+00,1.788399999999999324e+00
8.734999999999999432e+00,1.000027726436728326e+00,1.779100000000001014e+00
8.740000000000000213e+00,1.000027159480821659e+00,1.769599999999999618e+00
8.745000000000000995e+00,1.000026591176742752e+00,1.759899999999998244e+00
8.750000000000000000e+00,1.000026021702926204e+00,1.750000000000000000e+00
8.755000000000000782e+00,1.000025451237807061e+00,1.739899999999998226e+00
8.759999999999999787e+00,1.000024879959819035e+00,1.729600000000000470e+00
8.765000000000000568e+00,1.000024308047397614e+00,1.719099999999998740e+00
8.769999999999999574e+00,1.000023735678976511e+00,1.708400000000001029e+00
8.775000000000000355e+00,1.000023163032990547e+00,1.697499999999999343e+00
8.779999999999999361e+00,1.000022590287874324e+00,1.686400000000001231e+00
8.785000000000000142e+00,1.000022017622062442e+00,1.675099999999999589e+00
8.790000000000000924e+00,1.000021445213989280e+00,1.663599999999997969e+00
8.794999999999999929e+00,1.000020873242089436e+00,1.651900000000000368e+00
8.800000000000000711e+00,1.000020301884797291e+00,1.639999999999998348e+00
8.804999999999999716e+00,1.000019731320547667e+00,1.627900000000000791e+00
8.810000000000000497e+00,1.000019161727774941e+00,1.615599999999998815e+00
8.814999999999999503e+00,1.000018593284913715e+00,1.603100000000001302e+00
8.820000000000000284e+00,1.000018026170398366e+00,1.590399999999999370e+00
8.825000000000001066e+00,1.000017460562663496e+00,1.577499999999997016e+00
8.830000000000000071e+00,1.000016896640143926e+00,1.564400000000000013e+00
8.835000000000000853e+00,1.000016334581273592e+00,1.551099999999997703e+00
8.839999999999999858e+00,1.000015774564487536e+00,1.537600000000000300e+00
8.845000000000000639e+00,1.000015216768220139e+00,1.523899999999998034e+00
8.849999999999999645e+00,1.000014661370906000e+00,1.510000000000001119e+00
8.855000000000000426e+00,1.000014108550979497e+00,1.495899999999998897e+00
8.859999999999999432e+00,1.000013558486875231e+00,1.481600000000001582e+00
8.865000000000000213e+00,1.000013011357027581e+00,1.467099999999999405e+00
8.870000000000000995e+00,1.000012467339871591e+00,1.452399999999997249e+00
8.875000000000000000e+00,1.000011926613841196e+00,1.437500000000000000e+00
8.880000000000000782e+00,1.000011389357371216e+00,1.422399999999997444e+00
8.884999999999999787e+00,1.000010855748896255e+00,1.407100000000000684e+00
8.890000000000000568e+00,1.000010325966850688e+00,1.391599999999998172e+00
8.894999999999999574e+00,1.000009800189669340e+00,1.375900000000001455e+00
8.900000000000000355e+00,1.000009278595786366e+00,1.359999999999998987e+00
8.904999999999999361e+00,1.000008761363636367e+00,1.343900000000001871e+00
8.910000000000000142e+00,1.000008248671653943e+00,1.327599999999999447e+00
8.915000000000000924e+00,1.000007740698273917e+00,1.311099999999997046e+00
8.919999999999999929e+00,1.000007237621930223e+00,1.294400000000000439e+00
8.925000000000000711e+00,1.000006739621057905e+00,1.277499999999997637e+00
8.929999999999999716e+00,1.000006246874091342e+00,1.260400000000001075e+00
8.935000000000000497e+00,1.000005759559464913e+00,1.243099999999998317e+00
8.939999999999999503e+00,1.000005277855613439e+00,1.225600000000001799e+00
8.945000000000000284e+00,1.000004801940971300e+00,1.207899999999999086e+00
8.950000000000001066e+00,1.000004331993972873e+00,1.189999999999995950e+00
8.955000000000000071e+00,1.000003868193052980e+00,1.171899999999999942e+00
8.960000000000000853e+00,1.000003410716646002e+00,1.153599999999996850e+00
8.964999999999999858e+00,1.000002959743186537e+00,1.135100000000000442e+00
8.970000000000000639e+00,1.000002515451108964e+00,1.116399999999997394e+00
8.974999999999999645e+00,1.000002078018847884e+00,1.097500000000001474e+00
8.980000000000000426e+00,1.000001647624838119e+00,1.078399999999998471e+00
8.984999999999999432e+00,1.000001224447513826e+00,1.059100000000002151e+00
8.990000000000000213e+00,1.000000808665309604e+00,1.039599999999999191e+00
8.995000000000000995e+00,1.000000400456660277e+00,1.019899999999996254e+00
9.000000000000000000e+00,1.000000000000000000e+00,1.000000000000000000e+00
9.005000000000000782e+00,9.999996074341114261e-01,9.800999999999968626e-01
9.009999999999999787e+00,9.999992227391683031e-01,9.604000000000008086e-01
9.015000000000000568e+00,9.999988458556926529e-01,9.408999999999978492e-01
9.019999999999999574e+00,9.999984767242063866e-01,9.216000000000016401e-01
9.025000000000000355e+00,9.999981152852308597e-01,9.024999999999986366e-01
9.029999999999999361e+00,9.999977614792883163e-01,8.836000000000023835e-01
9.035000000000000142e+00,9.999974152469005562e-01,8.648999999999994470e-01
9.040000000000000924e+00,9.999970765285892682e-01,8.463999999999965995e-01
9.044999999999999929e+00,9.999967452648760302e-01,8.281000000000002803e-01
9.050000000000000711e+00,9.999964213962833082e-01,8.099999999999973888e-01
9.054999999999999716e+00,9.999961048633323468e-01,7.921000000000010255e-01
9.060000000000000497e+00,9.999957956065452791e-01,7.743999999999982009e-01
9.064999999999999503e+00,9.999954935664436828e-01,7.569000000000016826e-01
9.070000000000000284e+00,9.999951986835496909e-01,7.395999999999990360e-01
9.075000000000001066e+00,9.999949108983847701e-01,7.224999999999963674e-01
9.080000000000000071e+00,9.999946301514710534e-01,7.055999999999997829e-01
9.085000000000000853e+00,9.999943563833303406e-01,6.888999999999971813e-01
9.089999999999999858e+00,9.999940895344840985e-01,6.724000000000004418e-01
9.095000000000000639e+00,9.999938295454544601e-01,6.560999999999979071e-01
9.099999999999999645e+00,9.999935763567633362e-01,6.400000000000011235e-01
9.105000000000000426e+00,9.999933299089323047e-01,6.240999999999986558e-01
9.109999999999999432e+00,9.999930901424831653e-01,6.084000000000018282e-01
9.115000000000000213e+00,9.999928569979381621e-01,5.928999999999993165e-01
9.120000000000000995e+00,9.999926304158184287e-01,5.775999999999970047e-01
9.125000000000000000e+00,9.999924103366465422e-01,5.625000000000000000e-01
9.130000000000000782e+00,9.999921967009437473e-01,5.475999999999976442e-01
9.134999999999999787e+00,9.999919894492320660e-01,5.329000000000005954e-01
9.140000000000000568e+00,9.999917885220332980e-01,5.183999999999984176e-01
9.144999999999999574e+00,9.999915938598693543e-01,5.041000000000012138e-01
9.150000000000000355e+00,9.999914054032621458e-01,4.899999999999989919e-01
9.154999999999999361e+00,9.999912230927330281e-01,4.761000000000017440e-01
9.160000000000000142e+00,9.999910468688043563e-01,4.623999999999995891e-01
9.165000000000000924e+00,9.999908766719977082e-01,4.488999999999975232e-01
9.169999999999999929e+00,9.999907124428348837e-01,4.356000000000002093e-01
9.175000000000000711e+00,9.999905541218376825e-01,4.224999999999981548e-01
9.179999999999999716e+00,9.999904016495281267e-01,4.096000000000007413e-01
9.185000000000000497e+00,9.999902549664279050e-01,3.968999999999987538e-01
9.189999999999999503e+00,9.999901140130588173e-01,3.844000000000012407e-01
9.195000000000000284e+00,9.999899787299426634e-01,3.720999999999993202e-01
9.200000000000001066e+00,9.999898490576013543e-01,3.599999999999974332e-01
9.205000000000000071e+00,9.999897249365565788e-01,3.480999999999998540e-01
9.210000000000000853e+00,9.999896063073303587e-01,3.363999999999980339e-01
9.214999999999999858e+00,9.999894931104444940e-01,3.249000000000002997e-01
9.220000000000000639e+00,9.999893852864204513e-01,3.135999999999985466e-01
9.224999999999999645e+00,9.999892827757804747e-01,3.025000000000007683e-01
9.230000000000000426e+00,9.999891855190462531e-01,2.915999999999990822e-01
9.234999999999999432e+00,9.999890934567394751e-01,2.809000000000012043e-01
9.240000000000000213e+00,9.999890065293821628e-01,2.703999999999995296e-01
9.245000000000000995e+00,9.999889246774961160e-01,2.600999999999979995e-01
9.250000000000000000e+00,9.999888478416030235e-01,2.500000000000000000e-01
9.255000000000000782e+00,9.999887759622247962e-01,2.400999999999984813e-01
9.259999999999999787e+00,9.999887089798831230e-01,2.304000000000003823e-01
9.265000000000000568e+00,9.999886468351000257e-01,2.208999999999989305e-01
9.269999999999999574e+00,9.999885894683973042e-01,2.116000000000007875e-01
9.275000000000000355e+00,9.999885368202965363e-01,2.024999999999993472e-01
9.279999999999999361e+00,9.999884888313199660e-01,1.936000000000011045e-01
9.285000000000000142e+00,9.999884454419889490e-01,1.848999999999997312e-01
9.290000000000000924e+00,9.999884065928255072e-01,1.763999999999984469e-01
9.294999999999999929e+00,9.999883722243516626e-01,1.681000000000001382e-01
9.300000000000000711e+00,9.999883422770889929e-01,1.599999999999988654e-01
9.304999999999999716e+00,9.999883166915592980e-01,1.521000000000004571e-01
9.310000000000000497e+00,9.999882954082847109e-01,1.443999999999992512e-01
9.314999999999999503e+00,9.999882783677864762e-01,1.369000000000007433e-01
9.320000000000000284e+00,9.999882655105871709e-01,1.295999999999996044e-01
9.325000000000001066e+00,9.999882567772079289e-01,1.224999999999984990e-01
9.330000000000000071e+00,9.999882521081708830e-01,1.155999999999999250e-01
9.335000000000000853e+00,9.999882514439979442e-01,1.088999999999988866e-01
9.339999999999999858e+00,9.999882547252108012e-01,1.024000000000001576e-01
9.345000000000000639e+00,9.999882618923312538e-01,9.609999999999918607e-02
9.349999999999999645e+00,9.999882728858811021e-01,9.000000000000041300e-02
9.355000000000000426e+00,9.999882876463823678e-01,8.409999999999950848e-02
9.359999999999999432e+00,9.999883061143566287e-01,7.840000000000069136e-02
9.365000000000000213e+00,9.999883282303259069e-01,7.289999999999974278e-02
9.370000000000000995e+00,9.999883539348118910e-01,6.759999999999899423e-02
9.375000000000000000e+00,9.999883831683364921e-01,6.250000000000000000e-02
9.380000000000000782e+00,9.999884158714213989e-01,5.759999999999920739e-02
9.384999999999999787e+00,9.999884519845885222e-01,5.290000000000016911e-02
9.390000000000000568e+00,9.999884914483597731e-01,4.839999999999955449e-02
9.394999999999999574e+00,9.999885342032566182e-01,4.410000000000036113e-02
9.400000000000000355e+00,9.999885801898014126e-01,3.999999999999970246e-02
9.404999999999999361e+00,9.999886293485156230e-01,3.610000000000046505e-02
9.410000000000000142e+00,9.999886816199212713e-01,3.239999999999987335e-02
9.415000000000000924e+00,9.999887369445399354e-01,2.889999999999937064e-02
9.419999999999999929e+00,9.999887952628935262e-01,2.560000000000006715e-02
9.425000000000000711e+00,9.999888565155039544e-01,2.249999999999952038e-02
9.429999999999999716e+00,9.999889206428929089e-01,1.960000000000017284e-02
9.435000000000000497e+00,9.999889875855824117e-01,1.689999999999969305e-02
9.439999999999999503e+00,9.999890572840941516e-01,1.440000000000019043e-02
9.445000000000000284e+00,9.999891296789500394e-01,1.209999999999988862e-02
9.450000000000001066e+00,9.999892047106717641e-01,9.999999999999564793e-03
9.455000000000000071e+00,9.999892823197811254e-01,8.099999999999996092e-03
9.460000000000000853e+00,9.999893624467999231e-01,6.399999999999739231e-03
9.464999999999999858e+00,9.999894450322504014e-01,4.900000000000015454e-03
9.470000000000000639e+00,9.999895300166538048e-01,3.599999999999825562e-03
9.474999999999999645e+00,9.999896173405324884e-01,2.500000000000057732e-03
9.480000000000000426e+00,9.999897069444076969e-01,1.599999999999934808e-03
9.484999999999999432e+00,9.999897987688016743e-01,9.000000000001229239e-04
9.490000000000000213e+00,9.999898927542361093e-01,3.999999999999559464e-04
9.495000000000000995e+00,9.999899888412329130e-01,9.999999999998898659e-05
9.500000000000000000e+00,9.999900869703137740e-01,0.000000000000000000e+00
9.505000000000000782e+00,9.999901870820006033e-01,9.999999999998898659e-05
9.509999999999999787e+00,9.999902891168150898e-01,3.999999999999559464e-04
9.515000000000000568e+00,9.999903930152792553e-01,9.000000000001229239e-04
9.519999999999999574e+00,9.999904987179148996e-01,1.599999999999823785e-03
9.525000000000000355e+00,9.999906061652434897e-01,2.500000000000168754e-03
9.529999999999999361e+00,9.999907152977873803e-01,3.599999999999825562e-03
9.535000000000000142e+00,9.999908260560680384e-01,4.900000000000126477e-03
9.540000000000000924e+00,9.999909383806074858e-01,6.400000000000405365e-03
9.544999999999999929e+00,9.999910522119273004e-01,8.099999999999996092e-03
9.550000000000000711e+00,9.999911674905495040e-01,1.000000000000023093e-02
9.554999999999999716e+00,9.999912841569960076e-01,1.209999999999977760e-02
9.560000000000000497e+00,9.999914021517881668e-01,1.440000000000019043e-02
9.564999999999999503e+00,9.999915214154484477e-01,1.689999999999969305e-02
9.570000000000000284e+00,9.999916418884982061e-01,1.960000000000006182e-02
9.575000000000001066e+00,9.999917635114594638e-01,2.250000000000063061e-02
9.580000000000000071e+00,9.999918862248539098e-01,2.560000000000006715e-02
9.585000000000000853e+00,9.999920099692034547e-01,2.890000000000059188e-02
9.589999999999999858e+00,9.999921346850300097e-01,3.239999999999998437e-02
9.595000000000000639e+00,9.999922603128552634e-01,3.610000000000046505e-02
9.599999999999999645e+00,9.999923867932010157e-01,3.999999999999981348e-02
9.605000000000000426e+00,9.999925140665890666e-01,4.410000000000025011e-02
9.609999999999999432e+00,9.999926420735414379e-01,4.839999999999955449e-02
9.615000000000000213e+00,9.999927707545798183e-01,5.290000000000016911e-02
9.620000000000000995e+00,9.999929000502260079e-01,5.760000000000098375e-02
9.625000000000000000e+00,9.999930299010018064e-01,6.250000000000000000e-02
9.630000000000000782e+00,9.999931602474292358e-01,6.760000000000077058e-02
9.634999999999999787e+00,9.999932910300298738e-01,7.289999999999974278e-02
9.640000000000000568e+00,9.999934221893256314e-01,7.840000000000069136e-02
9.644999999999999574e+00,9.999935536658383084e-01,8.409999999999939746e-02
9.650000000000000355e+00,9.999936854000899267e-01,9.000000000000052403e-02
9.654999999999999361e+00,9.999938173326019530e-01,9.609999999999918607e-02
9.660000000000000142e+00,9.999939494038965204e-01,1.024000000000002686e-01
9.665000000000000924e+00,9.999940815544952066e-01,1.089000000000013291e-01
9.669999999999999929e+00,9.999942137249199225e-01,1.155999999999999250e-01
9.675000000000000711e+00,9.999943458556926901e-01,1.225000000000009415e-01
9.679999999999999716e+00,9.999944778873350870e-01,1.295999999999994934e-01
9.685000000000000497e+00,9.999946097603690243e-01,1.369000000000006878e-01
9.689999999999999503e+00,9.999947414153161906e-01,1.443999999999991957e-01
9.695000000000000284e+00,9.999948727926987191e-01,1.521000000000003460e-01
9.700000000000001066e+00,9.999950038330381874e-01,1.600000000000016964e-01
9.705000000000000071e+00,9.999951344768562844e-01,1.681000000000001382e-01
9.710000000000000853e+00,9.999952646646752541e-01,1.764000000000014445e-01
9.714999999999999858e+00,9.999953943370165632e-01,1.848999999999998423e-01
9.720000000000000639e+00,9.999955234344021227e-01,1.936000000000013266e-01
9.724999999999999645e+00,9.999956518973538433e-01,2.024999999999992362e-01
9.730000000000000426e+00,9.999957796663934140e-01,2.116000000000006764e-01
9.734999999999999432e+00,9.999959066820427456e-01,2.208999999999989861e-01
9.740000000000000213e+00,9.999960328848237490e-01,2.304000000000003823e-01
9.745000000000000995e+00,9.999961582152581130e-01,2.401000000000017565e-01
9.750000000000000000e+00,9.999962826138677485e-01,2.500000000000000000e-01
9.755000000000000782e+00,9.999964060211741224e-01,2.601000000000017742e-01
9.759999999999999787e+00,9.999965283776995895e-01,2.703999999999995296e-01
9.765000000000000568e+00,9.999966496239657276e-01,2.809000000000012598e-01
9.769999999999999574e+00,9.999967697004942258e-01,2.915999999999989711e-01
9.775000000000000355e+00,9.999968885478072167e-01,3.025000000000006573e-01
9.779999999999999361e+00,9.999970061064262783e-01,3.135999999999987686e-01
9.785000000000000142e+00,9.999971223168732104e-01,3.249000000000004107e-01
9.790000000000000924e+00,9.999972371196700349e-01,3.364000000000020307e-01
9.794999999999999929e+00,9.999973504553385517e-01,3.480999999999996319e-01
9.800000000000000711e+00,9.999974622644002276e-01,3.600000000000016520e-01
9.804999999999999716e+00,9.999975724873773064e-01,3.720999999999992092e-01
9.810000000000000497e+00,9.999976810647914771e-01,3.844000000000011852e-01
9.814999999999999503e+00,9.999977879371645395e-01,3.968999999999986983e-01
9.820000000000000284e+00,9.999978930450182935e-01,4.096000000000006303e-01
9.825000000000001066e+00,9.999979963288746498e-01,4.225000000000029843e-01
9.830000000000000071e+00,9.999980977292552975e-01,4.355999999999999872e-01
9.835000000000000853e+00,9.999981971866820363e-01,4.489000000000022972e-01
9.839999999999999858e+00,9.999982946416769991e-01,4.623999999999997002e-01
9.845000000000000639e+00,9.999983900347616528e-01,4.761000000000019661e-01
9.849999999999999645e+00,9.999984833064579082e-01,4.899999999999988809e-01
9.855000000000000426e+00,9.999985743972876762e-01,5.041000000000011028e-01
9.859999999999999432e+00,9.999986632477728676e-01,5.183999999999984176e-01
9.865000000000000213e+00,9.999987497984349494e-01,5.329000000000005954e-01
9.870000000000000995e+00,9.999988339897961653e-01,5.476000000000027512e-01
9.875000000000000000e+00,9.999989157623780933e-01,5.625000000000000000e-01
9.880000000000000782e+00,9.999989950567024222e-01,5.776000000000025558e-01
9.884999999999999787e+00,9.999990718132912848e-01,5.928999999999993165e-01
9.890000000000000568e+00,9.999991459726664811e-01,6.084000000000018282e-01
9.894999999999999574e+00,9.999992174753495888e-01,6.240999999999985448e-01
9.900000000000000355e+00,9.999992862618625189e-01,6.400000000000010125e-01
9.904999999999999361e+00,9.999993522727271822e-01,6.560999999999981291e-01
9.910000000000000142e+00,9.999994154484654896e-01,6.724000000000005528e-01
9.915000000000000924e+00,9.999994757295989078e-01,6.889000000000029544e-01
9.919999999999999929e+00,9.999995330566495699e-01,7.055999999999995609e-01
9.925000000000000711e+00,9.999995873701392757e-01,7.225000000000023626e-01
9.929999999999999716e+00,9.999996386105897139e-01,7.395999999999989249e-01
9.935000000000000497e+00,9.999996867185227956e-01,7.569000000000016826e-01
9.939999999999999503e+00,9.999997316344603204e-01,7.743999999999982009e-01
9.945000000000000284e+00,9.999997732989239774e-01,7.921000000000009145e-01
9.950000000000001066e+00,9.999998116524358993e-01,8.100000000000040501e-01
9.955000000000000071e+00,9.999998466355176641e-01,8.281000000000000583e-01
9.960000000000000853e+00,9.999998781886910715e-01,8.464000000000031498e-01
9.964999999999999858e+00,9.999999062524781435e-01,8.648999999999995580e-01
9.970000000000000639e+00,9.999999307674006799e-01,8.836000000000026056e-01
9.974999999999999645e+00,9.999999516739802585e-01,9.024999999999985256e-01
9.980000000000000426e+00,9.999999689127387903e-01,9.216000000000015291e-01
9.984999999999999432e+00,9.999999824241982971e-01,9.408999999999978492e-01
9.990000000000000213e+00,9.999999921488804677e-01,9.604000000000008086e-01
9.995000000000000995e+00,9.999999980273069911e-01,9.801000000000037460e-01
1.000000000000000000e+01,9.999999999999998890e-01,1.000000000000000000e+00
